,episode steps,episode reward,accuracy
0,20,-80.0,94.44
1,22,-99.0,90.0
2,26,-97.0,87.5
3,33,-94.0,87.1
4,37,-97.0,85.71
5,40,-98.0,84.21
6,49,-92.0,85.11
7,57,-93.0,85.45
8,65,-93.0,85.71
9,70,-96.0,85.29
10,73,-98.0,84.51
11,78,-96.0,84.21
12,85,-94.0,84.34
13,86,-100.0,83.33
14,92,-95.0,83.33
15,94,-99.0,82.61
16,95,-100.0,81.72
17,107,-89.0,82.86
18,117,-91.0,83.48
19,122,-96.0,83.33
20,127,-96.0,83.2
21,128,-100.0,82.54
22,133,-96.0,82.44
23,139,-95.0,82.48
24,162,-78.0,84.38
25,165,-98.0,84.05
26,170,-96.0,83.93
27,173,-98.0,83.63
28,175,-99.0,83.24
29,176,-100.0,82.76
30,179,-98.0,82.49
31,184,-96.0,82.42
32,187,-98.0,82.16
33,193,-95.0,82.2
34,201,-93.0,82.41
35,202,-100.0,82.0
36,209,-94.0,82.13
37,211,-99.0,81.82
38,215,-97.0,81.69
39,220,-96.0,81.65
40,224,-97.0,81.53
41,227,-98.0,81.33
42,232,-96.0,81.3
43,237,-96.0,81.28
44,238,-100.0,80.93
45,246,-93.0,81.15
46,250,-97.0,81.05
47,252,-99.0,80.8
48,253,-100.0,80.48
49,255,-99.0,80.24
50,266,-90.0,80.68
51,269,-98.0,80.52
52,270,-100.0,80.22
53,272,-99.0,80.0
54,273,-100.0,79.7
55,282,-92.0,80.0
56,283,-100.0,79.72
57,285,-99.0,79.51
58,293,-93.0,79.73
59,294,-100.0,79.45
60,298,-97.0,79.39
61,301,-98.0,79.26
62,303,-99.0,79.07
63,316,-88.0,79.62
64,318,-99.0,79.43
65,321,-98.0,79.31
66,346,-76.0,80.52
67,365,-82.0,81.27
68,388,-78.0,82.12
69,399,-90.0,82.37
70,402,-98.0,82.25
71,405,-98.0,82.13
72,407,-99.0,81.98
73,416,-92.0,82.13
74,418,-99.0,81.97
75,425,-94.0,82.03
76,439,-87.0,82.38
77,452,-88.0,82.67
78,478,-75.0,83.4
79,483,-96.0,83.37
80,492,-92.0,83.47
81,501,-92.0,83.57
82,502,-100.0,83.4
83,503,-100.0,83.23
84,514,-90.0,83.4
85,530,-85.0,83.71
86,574,-57.0,84.79
87,583,-92.0,84.85
88,604,-80.0,85.22
89,606,-99.0,85.1
90,626,-81.0,85.42
91,630,-97.0,85.35
92,631,-100.0,85.21
93,661,-71.0,85.74
94,662,-100.0,85.61
95,670,-93.0,85.63
96,672,-99.0,85.52
97,704,-69.0,86.04
98,705,-100.0,85.92
99,710,-96.0,85.88
100,712,-99.0,85.77
101,742,-71.0,86.22
102,746,-97.0,86.16
103,747,-100.0,86.04
104,759,-89.0,86.13
105,763,-97.0,86.07
106,773,-91.0,86.12
107,785,-89.0,86.21
108,800,-86.0,86.34
109,801,-100.0,86.23
110,827,-75.0,86.55
111,867,-61.0,87.05
112,880,-88.0,87.13
113,931,-50.0,87.73
114,933,-99.0,87.65
115,945,-89.0,87.7
116,954,-92.0,87.71
117,979,-76.0,87.92
118,986,-94.0,87.91
119,996,-91.0,87.93
120,999,-98.0,87.86
121,1048,-52.0,88.34
122,1065,-84.0,88.43
123,1070,-96.0,88.39
124,1071,-100.0,88.31
125,1138,-34.0,88.91
126,1155,-84.0,88.99
127,1161,-95.0,88.96
128,1177,-85.0,89.02
129,1188,-90.0,89.04
130,1269,-20.0,89.66
131,1302,-68.0,89.85
132,1365,-38.0,90.24
133,1413,-53.0,90.5
134,1437,-77.0,90.59
135,1442,-96.0,90.56
136,1638,95.0,91.63
137,1639,-100.0,91.57
138,1692,-48.0,91.78
139,1811,18.0,92.26
140,1840,-72.0,92.33
141,1859,-82.0,92.35
142,1898,-62.0,92.46
143,1901,-98.0,92.42
144,1930,-72.0,92.48
145,2117,86.0,93.1
146,2206,-12.0,93.33
147,2227,-80.0,93.35
148,2257,-71.0,93.39
149,2372,14.0,93.67
150,2387,-86.0,93.67
151,2452,-36.0,93.8
152,2557,4.0,94.01
153,2803,145.0,94.5
154,2805,-99.0,94.47
155,2915,9.0,94.64
156,2922,-94.0,94.62
157,3107,84.0,94.91
158,3179,-29.0,95.0
159,3180,-100.0,94.97
160,3238,-43.0,95.02
161,3363,24.0,95.18
162,3366,-98.0,95.15
163,3381,-86.0,95.15
164,3390,-92.0,95.13
165,3505,14.0,95.26
166,3533,-73.0,95.27
167,3597,-37.0,95.33
168,3710,12.0,95.44
169,3717,-94.0,95.42
170,3880,62.0,95.59
171,4086,105.0,95.79
172,4116,-71.0,95.79
173,4150,-67.0,95.81
174,4172,-79.0,95.8
175,4185,-88.0,95.79
176,4278,-8.0,95.86
177,4293,-86.0,95.85
178,4316,-78.0,95.85
179,4360,-57.0,95.87
180,4462,1.0,95.94
181,4749,186.0,96.17
182,4785,-65.0,96.17
183,4786,-100.0,96.15
184,4809,-78.0,96.15
185,4810,-100.0,96.13
186,4869,-42.0,96.16
187,4963,-7.0,96.21
188,5119,55.0,96.31
189,5156,-64.0,96.31
190,5157,-100.0,96.29
191,5158,-100.0,96.28
192,5192,-67.0,96.28
193,5420,127.0,96.42
194,5438,-83.0,96.41
195,5650,111.0,96.53
196,5732,-19.0,96.56
197,5789,-44.0,96.58
198,5793,-97.0,96.56
199,5877,-17.0,96.6
200,5914,-64.0,96.6
201,6004,-11.0,96.63
202,6013,-92.0,96.62
203,6114,0.0,96.66
204,6278,63.0,96.73
205,6279,-100.0,96.72
206,6280,-100.0,96.7
207,6490,109.0,96.79
208,6546,-45.0,96.81
209,6632,-15.0,96.83
210,6675,-58.0,96.84
211,6710,-66.0,96.84
212,6743,-68.0,96.84
213,6778,-66.0,96.84
214,6949,70.0,96.91
215,6953,-97.0,96.89
216,7026,-28.0,96.91
217,7152,25.0,96.95
218,7279,26.0,96.99
219,7286,-94.0,96.98
220,7287,-100.0,96.97
221,7289,-99.0,96.95
222,7333,-57.0,96.96
223,7365,-69.0,96.96
224,7690,224.0,97.07
225,7691,-100.0,97.06
226,7756,-36.0,97.07
227,7764,-93.0,97.06
228,7786,-79.0,97.06
229,7920,33.0,97.1
230,7953,-68.0,97.09
231,8013,-41.0,97.1
232,8029,-85.0,97.1
233,8083,-47.0,97.1
234,8161,-23.0,97.12
235,8212,-50.0,97.13
236,8364,51.0,97.17
237,8439,-26.0,97.18
238,8446,-94.0,97.17
239,8448,-99.0,97.16
240,8470,-79.0,97.15
241,8526,-45.0,97.16
242,8568,-59.0,97.16
243,8576,-93.0,97.15
244,8577,-100.0,97.14
245,8602,-76.0,97.14
246,8681,-22.0,97.15
247,8998,216.0,97.24
248,8999,-100.0,97.23
249,9266,166.0,97.3
250,9462,95.0,97.35
251,9499,-64.0,97.35
252,9507,-93.0,97.34
253,9627,19.0,97.36
254,9645,-83.0,97.36
255,9943,197.0,97.42
256,10054,10.0,97.44
257,10190,35.0,97.47
258,10191,-100.0,97.46
259,10446,154.0,97.51
260,10628,81.0,97.54
261,10638,-91.0,97.54
262,10652,-87.0,97.53
263,10670,-83.0,97.53
264,10677,-94.0,97.52
265,11038,260.0,97.59
266,11055,-84.0,97.58
267,11103,-53.0,97.59
268,11192,-12.0,97.6
269,11219,-74.0,97.59
270,11249,-71.0,97.59
271,11384,34.0,97.61
272,11398,-87.0,97.6
273,11472,-27.0,97.61
274,11491,-82.0,97.61
275,11510,-82.0,97.6
276,11511,-100.0,97.59
277,11544,-68.0,97.59
278,11545,-100.0,97.58
279,11546,-100.0,97.57
280,11547,-100.0,97.57
281,11576,-72.0,97.56
282,11622,-55.0,97.56
283,11639,-84.0,97.56
284,11654,-86.0,97.55
285,11770,15.0,97.57
286,11771,-100.0,97.56
287,11773,-99.0,97.55
288,11838,-36.0,97.56
289,11936,-3.0,97.57
290,11961,-76.0,97.57
291,12057,-5.0,97.58
292,12103,-55.0,97.58
293,12248,44.0,97.6
294,12392,43.0,97.62
295,12393,-100.0,97.61
296,12408,-86.0,97.61
297,12448,-61.0,97.61
298,12504,-45.0,97.61
299,12517,-88.0,97.6
300,12546,-72.0,97.6
301,12579,-68.0,97.6
302,12648,-32.0,97.6
303,12654,-95.0,97.6
304,12779,24.0,97.61
305,13003,123.0,97.65
306,13121,17.0,97.66
307,13234,12.0,97.67
308,13426,91.0,97.7
309,13468,-59.0,97.7
310,13516,-53.0,97.7
311,13667,50.0,97.72
312,13726,-42.0,97.72
313,13783,-44.0,97.72
314,13808,-76.0,97.72
315,14014,105.0,97.74
316,14276,161.0,97.78
317,14410,33.0,97.79
318,14411,-100.0,97.79
319,14430,-82.0,97.78
320,14455,-76.0,97.78
321,14500,-56.0,97.78
322,14535,-66.0,97.78
323,14687,51.0,97.79
324,14782,-6.0,97.8
325,14783,-100.0,97.79
326,14853,-31.0,97.8
327,14854,-100.0,97.79
328,14864,-91.0,97.79
329,14991,26.0,97.8
330,15121,29.0,97.81
331,15139,-83.0,97.81
332,15168,-72.0,97.8
333,15204,-65.0,97.8
334,15288,-17.0,97.81
335,15311,-78.0,97.81
336,15351,-61.0,97.8
337,15386,-66.0,97.8
338,15387,-100.0,97.8
339,15468,-20.0,97.8
340,15469,-100.0,97.8
341,15471,-99.0,97.79
342,16026,454.0,97.86
343,16462,335.0,97.91
344,16687,124.0,97.93
345,16958,170.0,97.96
346,17005,-54.0,97.96
347,17040,-66.0,97.96
348,17075,-66.0,97.96
349,17124,-52.0,97.96
350,17193,-32.0,97.96
351,17250,-44.0,97.96
352,17462,111.0,97.98
353,17483,-80.0,97.97
354,17487,-97.0,97.97
355,17547,-41.0,97.97
356,17560,-88.0,97.97
357,17912,251.0,98.0
358,18035,22.0,98.01
359,18046,-90.0,98.0
360,18047,-100.0,98.0
361,18083,-65.0,98.0
362,18175,-9.0,98.0
363,18322,46.0,98.01
364,18338,-85.0,98.01
365,18339,-100.0,98.0
366,18366,-74.0,98.0
367,18369,-98.0,98.0
368,18377,-93.0,97.99
369,18393,-85.0,97.99
370,18403,-91.0,97.98
371,18447,-57.0,97.98
372,18494,-54.0,97.98
373,18661,66.0,98.0
374,18721,-41.0,98.0
375,18908,86.0,98.01
376,19138,129.0,98.03
377,19139,-100.0,98.02
378,19212,-28.0,98.03
379,19417,104.0,98.04
380,19418,-100.0,98.04
381,19444,-75.0,98.04
382,19472,-73.0,98.03
383,19503,-70.0,98.03
384,19605,1.0,98.04
385,19719,13.0,98.04
386,19820,0.0,98.05
387,19931,10.0,98.05
388,19982,-50.0,98.05
389,20218,135.0,98.07
390,20219,-100.0,98.07
391,20252,-68.0,98.06
392,20269,-84.0,98.06
393,20281,-89.0,98.06
394,20534,152.0,98.08
395,20971,336.0,98.11
396,21111,39.0,98.12
397,21413,201.0,98.14
398,21442,-72.0,98.14
399,21844,301.0,98.17
400,21905,-40.0,98.17
401,21906,-100.0,98.16
402,21928,-79.0,98.16
403,22325,296.0,98.19
404,22326,-100.0,98.19
405,22333,-94.0,98.18
406,22377,-57.0,98.18
407,22441,-37.0,98.18
408,22508,-34.0,98.18
409,22612,3.0,98.19
410,22624,-89.0,98.18
411,22632,-93.0,98.18
412,22636,-97.0,98.18
413,23028,291.0,98.2
414,23264,135.0,98.22
415,23265,-100.0,98.21
416,23316,-50.0,98.21
417,23383,-34.0,98.21
418,23661,177.0,98.23
419,24007,245.0,98.25
420,24133,25.0,98.26
421,24249,15.0,98.26
422,24280,-70.0,98.26
423,24292,-89.0,98.25
424,24304,-89.0,98.25
425,24305,-100.0,98.25
426,24360,-46.0,98.25
427,24597,136.0,98.26
428,24830,132.0,98.27
429,24862,-69.0,98.27
430,24875,-88.0,98.27
431,25000,24.0,98.27
432,25041,-60.0,98.27
433,25042,-100.0,98.27
434,25054,-89.0,98.26
435,25241,86.0,98.27
436,25252,-90.0,98.27
437,25272,-81.0,98.27
438,25334,-39.0,98.27
439,25343,-92.0,98.26
440,25408,-36.0,98.26
441,25461,-48.0,98.26
442,25465,-97.0,98.26
443,25538,-28.0,98.26
444,25856,217.0,98.28
445,25880,-77.0,98.28
446,25917,-64.0,98.28
447,25918,-100.0,98.27
448,25971,-48.0,98.27
449,26044,-28.0,98.27
450,26157,12.0,98.28
451,26332,74.0,98.28
452,26378,-55.0,98.28
453,26606,127.0,98.29
454,26864,157.0,98.31
455,26914,-51.0,98.31
456,26991,-24.0,98.31
457,27084,-8.0,98.31
458,27087,-98.0,98.31
459,27344,156.0,98.32
460,27381,-64.0,98.32
461,27590,108.0,98.33
462,27636,-55.0,98.32
463,27721,-16.0,98.33
464,27923,101.0,98.33
465,27944,-80.0,98.33
466,28111,66.0,98.34
467,28201,-11.0,98.34
468,28345,43.0,98.35
469,29436,990.0,98.4
470,29696,159.0,98.41
471,29819,22.0,98.42
472,29870,-50.0,98.42
473,29880,-91.0,98.41
474,30007,26.0,98.42
475,30144,36.0,98.42
476,30172,-73.0,98.42
477,30245,-28.0,98.42
478,30270,-76.0,98.42
479,30272,-99.0,98.41
480,30305,-68.0,98.41
481,30425,19.0,98.42
482,30542,16.0,98.42
483,30543,-100.0,98.42
484,30741,97.0,98.42
485,30751,-91.0,98.42
486,30764,-88.0,98.42
487,30954,89.0,98.42
488,31089,34.0,98.43
489,31135,-55.0,98.43
490,31238,2.0,98.43
491,31320,-19.0,98.43
492,31857,436.0,98.45
493,31884,-74.0,98.45
494,31967,-18.0,98.45
495,32156,88.0,98.46
496,32514,257.0,98.47
497,32517,-98.0,98.47
498,32518,-100.0,98.47
499,32519,-100.0,98.46
500,32625,5.0,98.46
501,32627,-99.0,98.46
502,32860,132.0,98.47
503,32968,7.0,98.47
504,33183,114.0,98.48
505,33231,-53.0,98.48
506,33240,-92.0,98.47
507,33390,49.0,98.48
508,33395,-96.0,98.48
509,33531,35.0,98.48
510,33774,142.0,98.49
511,33880,5.0,98.49
512,34124,143.0,98.5
513,34125,-100.0,98.49
514,34363,137.0,98.5
515,34437,-27.0,98.5
516,34438,-100.0,98.5
517,34463,-76.0,98.5
518,34578,14.0,98.5
519,34873,194.0,98.51
520,34985,11.0,98.51
521,35095,9.0,98.51
522,35097,-99.0,98.51
523,35137,-61.0,98.51
524,35185,-53.0,98.51
525,35430,144.0,98.52
526,35530,-1.0,98.52
527,35568,-63.0,98.52
528,35723,54.0,98.52
529,36394,570.0,98.54
530,36498,3.0,98.55
531,36647,48.0,98.55
532,36868,120.0,98.55
533,37030,61.0,98.56
534,37054,-77.0,98.56
535,37076,-79.0,98.55
536,37150,-27.0,98.55
537,37369,118.0,98.56
538,37381,-89.0,98.56
539,37471,-11.0,98.56
540,37727,155.0,98.57
541,37759,-69.0,98.56
542,37798,-62.0,98.56
543,37857,-42.0,98.56
544,38062,104.0,98.57
545,38112,-51.0,98.57
546,38159,-54.0,98.57
547,38165,-95.0,98.56
548,38437,171.0,98.57
549,38454,-84.0,98.57
550,38494,-61.0,98.57
551,38575,-20.0,98.57
552,38614,-62.0,98.57
553,38641,-74.0,98.57
554,38853,111.0,98.57
555,38898,-56.0,98.57
556,39486,487.0,98.59
557,39585,-2.0,98.59
558,39673,-13.0,98.59
559,39966,192.0,98.6
560,39971,-96.0,98.6
561,39972,-100.0,98.59
562,40071,-2.0,98.59
563,40072,-100.0,98.59
564,40104,-69.0,98.59
565,40656,451.0,98.61
566,40668,-89.0,98.61
567,41037,268.0,98.62
568,41127,-11.0,98.62
569,41144,-84.0,98.61
570,41294,49.0,98.62
571,41388,-7.0,98.62
572,41461,-28.0,98.62
573,41805,243.0,98.63
574,41827,-79.0,98.63
575,42287,359.0,98.64
576,42411,23.0,98.64
577,42574,62.0,98.64
578,42775,100.0,98.65
579,42800,-76.0,98.64
580,42949,48.0,98.65
581,42971,-79.0,98.65
582,43007,-65.0,98.64
583,43070,-38.0,98.64
584,43071,-100.0,98.64
585,43085,-87.0,98.64
586,43086,-100.0,98.64
587,43145,-42.0,98.64
588,43162,-84.0,98.64
589,43177,-86.0,98.63
590,43245,-33.0,98.63
591,43330,-16.0,98.63
592,43458,27.0,98.64
593,43472,-87.0,98.63
594,43545,-28.0,98.63
595,43873,227.0,98.64
596,44439,465.0,98.66
597,44469,-71.0,98.66
598,44475,-95.0,98.65
599,44501,-75.0,98.65
600,44736,134.0,98.66
601,44770,-67.0,98.66
602,44773,-98.0,98.65
603,44847,-27.0,98.65
604,44971,23.0,98.65
605,44981,-91.0,98.65
606,45253,171.0,98.66
607,45427,73.0,98.66
608,45602,74.0,98.66
609,45632,-71.0,98.66
610,45658,-75.0,98.66
611,45668,-91.0,98.66
612,45880,111.0,98.66
613,46594,613.0,98.68
614,46625,-70.0,98.68
615,46730,4.0,98.68
616,46731,-100.0,98.68
617,46732,-100.0,98.68
618,46867,34.0,98.68
619,46884,-84.0,98.68
620,47044,59.0,98.68
621,47068,-77.0,98.68
622,47393,224.0,98.69
623,47559,65.0,98.69
624,47605,-55.0,98.69
625,47656,-50.0,98.69
626,47662,-95.0,98.68
627,47767,4.0,98.69
628,47893,25.0,98.69
629,48050,56.0,98.69
630,48219,68.0,98.69
631,48296,-24.0,98.69
632,48580,183.0,98.7
633,48594,-87.0,98.7
634,48693,-2.0,98.7
635,48743,-51.0,98.7
636,48824,-20.0,98.7
637,48901,-24.0,98.7
638,48993,-9.0,98.7
639,49046,-48.0,98.7
640,49062,-85.0,98.69
641,49073,-90.0,98.69
642,49108,-66.0,98.69
643,49109,-100.0,98.69
644,50035,825.0,98.71
645,50167,31.0,98.71
646,50304,36.0,98.71
647,50361,-44.0,98.71
648,50407,-55.0,98.71
649,50571,63.0,98.71
650,50851,179.0,98.72
651,51233,281.0,98.73
652,51387,53.0,98.73
653,51430,-58.0,98.73
654,51502,-29.0,98.73
655,51521,-82.0,98.73
656,51875,253.0,98.73
657,51890,-86.0,98.73
658,51891,-100.0,98.73
659,51917,-75.0,98.73
660,52027,9.0,98.73
661,52081,-47.0,98.73
662,52103,-79.0,98.73
663,52104,-100.0,98.73
664,52137,-68.0,98.72
665,52376,138.0,98.73
666,52464,-13.0,98.73
667,52532,-33.0,98.73
668,52533,-100.0,98.73
669,52680,46.0,98.73
670,52709,-72.0,98.73
671,52736,-74.0,98.73
672,52749,-88.0,98.72
673,52950,100.0,98.73
674,52951,-100.0,98.73
675,53136,84.0,98.73
676,53171,-66.0,98.73
677,53214,-58.0,98.73
678,53358,43.0,98.73
679,53395,-64.0,98.73
680,53526,30.0,98.73
681,53583,-44.0,98.73
682,53626,-58.0,98.73
683,53663,-64.0,98.73
684,53749,-15.0,98.73
685,53750,-100.0,98.72
686,54098,247.0,98.73
687,54337,138.0,98.73
688,54460,22.0,98.73
689,54553,-8.0,98.74
690,54567,-87.0,98.73
691,54585,-83.0,98.73
692,54624,-62.0,98.73
693,54625,-100.0,98.73
694,54986,260.0,98.74
695,55018,-69.0,98.73
696,55216,97.0,98.74
697,55264,-53.0,98.74
698,55417,52.0,98.74
699,55434,-84.0,98.74
700,55565,30.0,98.74
701,55566,-100.0,98.74
702,55575,-92.0,98.73
703,55589,-87.0,98.73
704,55725,35.0,98.73
705,55749,-77.0,98.73
706,56056,206.0,98.74
707,56193,36.0,98.74
708,56422,128.0,98.74
709,56555,32.0,98.74
710,56732,76.0,98.75
711,56792,-41.0,98.75
712,56816,-77.0,98.75
713,57129,212.0,98.75
714,57239,9.0,98.75
715,57557,217.0,98.76
716,57676,18.0,98.76
717,57800,23.0,98.76
718,57888,-13.0,98.76
719,58003,14.0,98.76
720,58006,-98.0,98.76
721,58364,257.0,98.76
722,58479,14.0,98.76
723,58670,90.0,98.77
724,58730,-41.0,98.77
725,58786,-45.0,98.76
726,58794,-93.0,98.76
727,58952,57.0,98.77
728,58981,-72.0,98.76
729,58986,-96.0,98.76
730,59018,-69.0,98.76
731,59142,23.0,98.76
732,59143,-100.0,98.76
733,59166,-78.0,98.76
734,59383,116.0,98.76
735,59384,-100.0,98.76
736,59421,-64.0,98.76
737,59427,-95.0,98.76
738,59468,-60.0,98.76
739,59469,-100.0,98.76
740,59600,30.0,98.76
741,59653,-48.0,98.76
742,59721,-33.0,98.76
743,59888,66.0,98.76
744,59897,-92.0,98.76
745,59954,-44.0,98.76
746,60002,-53.0,98.76
747,60229,126.0,98.76
748,60290,-40.0,98.76
749,60551,160.0,98.76
750,60664,12.0,98.76
751,61164,399.0,98.77
752,61231,-34.0,98.77
753,61363,31.0,98.77
754,61601,137.0,98.77
755,61889,187.0,98.78
756,61901,-89.0,98.78
757,61906,-96.0,98.78
758,61911,-96.0,98.77
759,61922,-90.0,98.77
760,61923,-100.0,98.77
761,61925,-99.0,98.77
762,61959,-67.0,98.77
763,62165,105.0,98.77
764,62207,-59.0,98.77
765,62247,-61.0,98.77
766,62248,-100.0,98.77
767,62271,-78.0,98.77
768,62398,26.0,98.77
769,62453,-46.0,98.77
770,62722,168.0,98.77
771,62901,78.0,98.77
772,63266,264.0,98.78
773,63417,50.0,98.78
774,63489,-29.0,98.78
775,63690,100.0,98.78
776,63796,5.0,98.78
777,63845,-52.0,98.78
778,63908,-38.0,98.78
779,63981,-28.0,98.78
780,63985,-97.0,98.78
781,64038,-48.0,98.78
782,64171,32.0,98.78
783,64237,-35.0,98.78
784,64249,-89.0,98.78
785,64255,-95.0,98.78
786,64312,-44.0,98.78
787,64342,-71.0,98.78
788,64432,-11.0,98.78
789,64710,177.0,98.78
790,64874,63.0,98.78
791,64905,-70.0,98.78
792,65249,243.0,98.78
793,65260,-90.0,98.78
794,65271,-90.0,98.78
795,65461,89.0,98.78
796,65473,-89.0,98.78
797,65515,-59.0,98.78
798,65516,-100.0,98.78
799,65671,54.0,98.78
800,65699,-73.0,98.78
801,66331,531.0,98.79
802,66444,12.0,98.79
803,66519,-26.0,98.79
804,66664,44.0,98.79
805,66665,-100.0,98.79
806,66919,153.0,98.79
807,66936,-84.0,98.79
808,67120,83.0,98.79
809,67278,57.0,98.8
810,67341,-38.0,98.8
811,67534,92.0,98.8
812,67537,-98.0,98.8
813,67614,-24.0,98.8
814,67623,-92.0,98.79
815,67897,173.0,98.8
816,67926,-72.0,98.8
817,68058,31.0,98.8
818,68254,95.0,98.8
819,68280,-75.0,98.8
820,68286,-95.0,98.8
821,68357,-30.0,98.8
822,68388,-70.0,98.8
823,68459,-30.0,98.8
824,68471,-89.0,98.8
825,68472,-100.0,98.79
826,68473,-100.0,98.79
827,68786,212.0,98.8
828,68790,-97.0,98.79
829,68854,-37.0,98.79
830,68984,29.0,98.8
831,69011,-74.0,98.79
832,69061,-51.0,98.79
833,69067,-95.0,98.79
834,69155,-13.0,98.79
835,69333,77.0,98.79
836,69339,-95.0,98.79
837,69402,-38.0,98.79
838,69609,106.0,98.79
839,69622,-88.0,98.79
840,69673,-50.0,98.79
841,69674,-100.0,98.79
842,69758,-17.0,98.79
843,69785,-74.0,98.79
844,69910,24.0,98.79
845,69961,-50.0,98.79
846,69963,-99.0,98.79
847,70153,89.0,98.79
848,70524,270.0,98.8
849,70950,325.0,98.8
850,70951,-100.0,98.8
851,71035,-17.0,98.8
852,71185,49.0,98.8
853,71252,-34.0,98.8
854,71254,-99.0,98.8
855,71255,-100.0,98.8
856,71315,-41.0,98.8
857,71485,69.0,98.8
858,71563,-23.0,98.8
859,71564,-100.0,98.8
860,71755,90.0,98.8
861,71838,-18.0,98.8
862,71920,-19.0,98.8
863,72391,370.0,98.81
864,72473,-19.0,98.81
865,72632,58.0,98.81
866,72707,-26.0,98.81
867,72708,-100.0,98.81
868,73127,318.0,98.81
869,73308,80.0,98.81
870,73611,202.0,98.82
871,73801,89.0,98.82
872,73894,-8.0,98.82
873,74072,77.0,98.82
874,74119,-54.0,98.82
875,74135,-85.0,98.82
876,74144,-92.0,98.82
877,74466,221.0,98.82
878,74653,86.0,98.82
879,74712,-42.0,98.82
880,74753,-60.0,98.82
881,74775,-79.0,98.82
882,74828,-48.0,98.82
883,74967,38.0,98.82
884,75076,8.0,98.82
885,75098,-79.0,98.82
886,75148,-51.0,98.82
887,75232,-17.0,98.82
888,75468,135.0,98.82
889,75598,29.0,98.82
890,75778,79.0,98.82
891,75779,-100.0,98.82
892,76019,139.0,98.83
893,76089,-31.0,98.83
894,76294,104.0,98.83
895,76320,-75.0,98.83
896,76356,-65.0,98.83
897,76712,255.0,98.83
898,76722,-91.0,98.83
899,76731,-92.0,98.83
900,77114,282.0,98.83
901,77496,281.0,98.84
902,77624,27.0,98.84
903,77625,-100.0,98.84
904,77669,-57.0,98.83
905,77827,57.0,98.84
906,77839,-89.0,98.83
907,78105,165.0,98.84
908,78106,-100.0,98.84
909,78387,180.0,98.84
910,78454,-34.0,98.84
911,78455,-100.0,98.84
912,78458,-98.0,98.84
913,78547,-12.0,98.84
914,78560,-88.0,98.84
915,78728,67.0,98.84
916,78816,-13.0,98.84
917,78820,-97.0,98.84
918,78870,-51.0,98.83
919,78871,-100.0,98.83
920,78875,-97.0,98.83
921,78876,-100.0,98.83
922,78896,-81.0,98.83
923,78968,-29.0,98.83
924,78969,-100.0,98.83
925,78970,-100.0,98.83
926,79229,158.0,98.83
927,79337,7.0,98.83
928,79408,-30.0,98.83
929,79413,-96.0,98.83
930,79510,-4.0,98.83
931,79536,-75.0,98.83
932,79537,-100.0,98.83
933,79807,169.0,98.83
934,80002,94.0,98.83
935,80003,-100.0,98.83
936,80046,-58.0,98.83
937,80253,106.0,98.83
938,80459,105.0,98.83
939,80460,-100.0,98.83
940,80525,-36.0,98.83
941,80970,344.0,98.84
942,81030,-41.0,98.84
943,81089,-42.0,98.84
944,81096,-94.0,98.83
945,81098,-99.0,98.83
946,81100,-99.0,98.83
947,81116,-85.0,98.83
948,81120,-97.0,98.83
949,81127,-94.0,98.83
950,81386,158.0,98.83
951,81835,348.0,98.84
952,81848,-88.0,98.84
953,81869,-80.0,98.83
954,81978,8.0,98.84
955,82072,-7.0,98.84
956,82151,-22.0,98.84
957,82152,-100.0,98.83
958,82470,217.0,98.84
959,82888,317.0,98.84
960,82897,-92.0,98.84
961,82924,-74.0,98.84
962,82936,-89.0,98.84
963,82953,-84.0,98.84
964,82954,-100.0,98.84
965,82984,-71.0,98.84
966,82990,-95.0,98.83
967,83025,-66.0,98.83
968,83291,165.0,98.84
969,83305,-87.0,98.84
970,83582,176.0,98.84
971,83642,-41.0,98.84
972,83902,159.0,98.84
973,83956,-47.0,98.84
974,84058,1.0,98.84
975,84070,-89.0,98.84
976,84256,85.0,98.84
977,84259,-98.0,98.84
978,84267,-93.0,98.84
979,84269,-99.0,98.84
980,84270,-100.0,98.84
981,84623,252.0,98.84
982,84733,9.0,98.84
983,84738,-96.0,98.84
984,84787,-52.0,98.84
985,84977,89.0,98.84
986,85159,81.0,98.84
987,85367,107.0,98.84
988,85387,-81.0,98.84
989,85433,-55.0,98.84
990,85457,-77.0,98.84
991,85684,126.0,98.84
992,86009,224.0,98.85
993,86017,-93.0,98.84
994,86064,-54.0,98.84
995,86068,-97.0,98.84
996,86104,-65.0,98.84
997,86121,-84.0,98.84
998,86297,75.0,98.84
999,86415,17.0,98.84
1000,86443,-73.0,98.84
1001,86621,77.0,98.84
1002,86910,188.0,98.85
1003,86921,-90.0,98.84
1004,87016,-6.0,98.85
1005,87085,-32.0,98.84
1006,87116,-70.0,98.84
1007,87344,127.0,98.85
1008,87392,-53.0,98.85
1009,87393,-100.0,98.84
1010,87517,23.0,98.84
1011,87900,282.0,98.85
1012,87901,-100.0,98.85
1013,87992,-10.0,98.85
1014,88085,-8.0,98.85
1015,88091,-95.0,98.85
1016,88105,-87.0,98.85
1017,88106,-100.0,98.84
1018,88277,70.0,98.85
1019,88279,-99.0,98.84
1020,88319,-61.0,98.84
1021,88342,-78.0,98.84
1022,88455,12.0,98.84
1023,88503,-53.0,98.84
1024,88565,-39.0,98.84
1025,88751,85.0,98.84
1026,88801,-51.0,98.84
1027,88875,-27.0,98.84
1028,88993,17.0,98.84
1029,88996,-98.0,98.84
1030,88998,-99.0,98.84
1031,89002,-97.0,98.84
1032,89003,-100.0,98.84
1033,89004,-100.0,98.84
1034,89094,-11.0,98.84
1035,89105,-90.0,98.84
1036,89182,-24.0,98.84
1037,89310,27.0,98.84
1038,89493,82.0,98.84
1039,89608,14.0,98.84
1040,89695,-14.0,98.84
1041,89875,79.0,98.84
1042,89914,-62.0,98.84
1043,89923,-92.0,98.84
1044,89924,-100.0,98.84
1045,90027,2.0,98.84
1046,90074,-54.0,98.84
1047,90121,-54.0,98.84
1048,90168,-54.0,98.84
1049,90376,107.0,98.84
1050,90377,-100.0,98.84
1051,90416,-62.0,98.84
1052,90585,68.0,98.84
1053,90615,-71.0,98.84
1054,90721,5.0,98.84
1055,90877,55.0,98.84
1056,90919,-59.0,98.84
1057,90960,-60.0,98.84
1058,91224,163.0,98.84
1059,91283,-42.0,98.84
1060,91348,-36.0,98.84
1061,91392,-57.0,98.84
1062,91643,150.0,98.84
1063,91782,38.0,98.84
1064,92050,167.0,98.84
1065,92051,-100.0,98.84
1066,92282,130.0,98.84
1067,92323,-60.0,98.84
1068,92548,124.0,98.84
1069,92551,-98.0,98.84
1070,92573,-79.0,98.84
1071,92703,29.0,98.84
1072,92745,-59.0,98.84
1073,92751,-95.0,98.84
1074,93111,259.0,98.85
1075,93114,-98.0,98.84
1076,93232,17.0,98.84
1077,93237,-96.0,98.84
1078,93239,-99.0,98.84
1079,93243,-97.0,98.84
1080,93277,-67.0,98.84
1081,93301,-77.0,98.84
1082,93310,-92.0,98.84
1083,93615,204.0,98.84
1084,93665,-51.0,98.84
1085,93746,-20.0,98.84
1086,93867,20.0,98.84
1087,93962,-6.0,98.84
1088,93963,-100.0,98.84
1089,93964,-100.0,98.84
1090,93965,-100.0,98.84
1091,94198,132.0,98.84
1092,94384,85.0,98.84
1093,94566,81.0,98.84
1094,94610,-57.0,98.84
1095,94788,77.0,98.84
1096,94798,-91.0,98.84
1097,94800,-99.0,98.84
1098,94980,79.0,98.84
1099,95092,11.0,98.84
1100,95098,-95.0,98.84
1101,95500,301.0,98.85
1102,95527,-74.0,98.85
1103,95714,86.0,98.85
1104,95736,-79.0,98.85
1105,95857,20.0,98.85
1106,95892,-66.0,98.85
1107,95946,-47.0,98.85
1108,96234,187.0,98.85
1109,96442,107.0,98.85
1110,96629,86.0,98.85
1111,97067,337.0,98.85
1112,97078,-90.0,98.85
1113,97108,-71.0,98.85
1114,97135,-74.0,98.85
1115,97145,-91.0,98.85
1116,97149,-97.0,98.85
1117,97150,-100.0,98.85
1118,97153,-98.0,98.85
1119,97201,-53.0,98.85
1120,97227,-75.0,98.85
1121,97277,-51.0,98.85
1122,97278,-100.0,98.85
1123,97285,-94.0,98.84
1124,97286,-100.0,98.84
1125,97304,-83.0,98.84
1126,97305,-100.0,98.84
1127,97316,-90.0,98.84
1128,97380,-37.0,98.84
1129,97394,-87.0,98.84
1130,97395,-100.0,98.84
1131,97414,-82.0,98.84
1132,97500,-15.0,98.84
1133,97561,-40.0,98.84
1134,97570,-92.0,98.84
1135,97707,36.0,98.84
1136,97711,-97.0,98.84
1137,98092,280.0,98.84
1138,98098,-95.0,98.84
1139,98133,-66.0,98.84
1140,98305,71.0,98.84
1141,98310,-96.0,98.84
1142,98328,-83.0,98.84
1143,98329,-100.0,98.84
1144,98375,-55.0,98.84
1145,98379,-97.0,98.84
1146,98596,116.0,98.84
1147,98622,-75.0,98.84
1148,98643,-80.0,98.84
1149,98745,1.0,98.84
1150,98767,-79.0,98.83
1151,98768,-100.0,98.83
1152,98889,20.0,98.83
1153,98906,-84.0,98.83
1154,98920,-87.0,98.83
1155,99024,3.0,98.83
1156,99025,-100.0,98.83
1157,99769,643.0,98.84
1158,99898,28.0,98.84
1159,100011,12.0,98.84
1160,100075,-37.0,98.84
1161,100222,46.0,98.84
1162,100370,47.0,98.84
1163,100390,-81.0,98.84
1164,100401,-90.0,98.84
1165,100618,116.0,98.84
1166,100689,-30.0,98.84
1167,100701,-89.0,98.84
1168,100747,-55.0,98.84
1169,100749,-99.0,98.84
1170,101011,161.0,98.84
1171,101078,-34.0,98.84
1172,101104,-75.0,98.84
1173,101106,-99.0,98.84
1174,101115,-92.0,98.84
1175,101124,-92.0,98.84
1176,101125,-100.0,98.84
1177,101342,116.0,98.84
1178,101566,123.0,98.84
1179,101600,-67.0,98.84
1180,101878,177.0,98.84
1181,101879,-100.0,98.84
1182,101969,-11.0,98.84
1183,102242,172.0,98.84
1184,102359,16.0,98.84
1185,102364,-96.0,98.84
1186,102375,-90.0,98.84
1187,102378,-98.0,98.84
1188,102389,-90.0,98.84
1189,102402,-88.0,98.84
1190,102455,-48.0,98.84
1191,102741,185.0,98.84
1192,102762,-80.0,98.84
1193,102793,-70.0,98.84
1194,102884,-10.0,98.84
1195,102885,-100.0,98.84
1196,102954,-32.0,98.84
1197,102955,-100.0,98.84
1198,102956,-100.0,98.84
1199,102963,-94.0,98.83
1200,102969,-95.0,98.83
1201,102985,-85.0,98.83
1202,103013,-73.0,98.83
1203,103238,124.0,98.83
1204,103393,54.0,98.83
1205,103396,-98.0,98.83
1206,103699,202.0,98.84
1207,103711,-89.0,98.84
1208,103734,-78.0,98.83
1209,103831,-4.0,98.83
1210,103924,-8.0,98.83
1211,104025,0.0,98.83
1212,104204,78.0,98.84
1213,104225,-80.0,98.84
1214,104284,-42.0,98.83
1215,104302,-83.0,98.83
1216,104326,-77.0,98.83
1217,104327,-100.0,98.83
1218,104347,-81.0,98.83
1219,104431,-17.0,98.83
1220,104470,-62.0,98.83
1221,104565,-6.0,98.83
1222,104626,-40.0,98.83
1223,104935,208.0,98.83
1224,105018,-18.0,98.83
1225,105239,120.0,98.84
1226,105614,274.0,98.84
1227,105691,-24.0,98.84
1228,105925,133.0,98.84
1229,105967,-59.0,98.84
1230,105973,-95.0,98.84
1231,105977,-97.0,98.84
1232,106128,50.0,98.84
1233,106129,-100.0,98.84
1234,106130,-100.0,98.84
1235,106184,-47.0,98.84
1236,106250,-35.0,98.84
1237,106306,-45.0,98.84
1238,106307,-100.0,98.83
1239,106316,-92.0,98.83
1240,106317,-100.0,98.83
1241,106364,-54.0,98.83
1242,106388,-77.0,98.83
1243,106390,-99.0,98.83
1244,106461,-30.0,98.83
1245,106638,76.0,98.83
1246,106687,-52.0,98.83
1247,106722,-66.0,98.83
1248,106930,107.0,98.83
1249,107023,-8.0,98.83
1250,107048,-76.0,98.83
1251,107056,-93.0,98.83
1252,107057,-100.0,98.83
1253,107225,67.0,98.83
1254,107267,-59.0,98.83
1255,107283,-85.0,98.83
1256,107316,-68.0,98.83
1257,107615,198.0,98.83
1258,107687,-29.0,98.83
1259,107691,-97.0,98.83
1260,107883,91.0,98.83
1261,108186,202.0,98.83
1262,108636,349.0,98.84
1263,108826,89.0,98.84
1264,108839,-88.0,98.84
1265,109207,267.0,98.84
1266,109571,263.0,98.84
1267,109712,40.0,98.84
1268,109878,65.0,98.85
1269,110079,100.0,98.85
1270,110104,-76.0,98.85
1271,110208,3.0,98.85
1272,110245,-64.0,98.85
1273,110274,-72.0,98.84
1274,110394,19.0,98.85
1275,110471,-24.0,98.84
1276,110480,-92.0,98.84
1277,110505,-76.0,98.84
1278,110545,-61.0,98.84
1279,110760,114.0,98.84
1280,110853,-8.0,98.84
1281,110921,-33.0,98.84
1282,110923,-99.0,98.84
1283,110935,-89.0,98.84
1284,110976,-60.0,98.84
1285,111016,-61.0,98.84
1286,111019,-98.0,98.84
1287,111036,-84.0,98.84
1288,111094,-43.0,98.84
1289,111095,-100.0,98.84
1290,111122,-74.0,98.84
1291,111232,9.0,98.84
1292,111361,28.0,98.84
1293,111385,-77.0,98.84
1294,111403,-83.0,98.84
1295,111420,-84.0,98.84
1296,111498,-23.0,98.84
1297,111668,69.0,98.84
1298,111903,134.0,98.84
1299,111940,-64.0,98.84
1300,111996,-45.0,98.84
1301,112009,-88.0,98.84
1302,112013,-97.0,98.84
1303,112015,-99.0,98.84
1304,112022,-94.0,98.84
1305,112039,-84.0,98.83
1306,112041,-99.0,98.83
1307,112042,-100.0,98.83
1308,112049,-94.0,98.83
1309,112058,-92.0,98.83
1310,112152,-7.0,98.83
1311,112162,-91.0,98.83
1312,112204,-59.0,98.83
1313,112249,-56.0,98.83
1314,112266,-84.0,98.83
1315,112408,41.0,98.83
1316,112599,90.0,98.83
1317,112798,98.0,98.83
1318,112826,-73.0,98.83
1319,112929,2.0,98.83
1320,112930,-100.0,98.83
1321,112931,-100.0,98.83
1322,113376,344.0,98.83
1323,113425,-52.0,98.83
1324,113515,-11.0,98.83
1325,113789,173.0,98.83
1326,113790,-100.0,98.83
1327,114147,256.0,98.84
1328,114182,-66.0,98.84
1329,114368,85.0,98.84
1330,114382,-87.0,98.84
1331,114402,-81.0,98.84
1332,114461,-42.0,98.84
1333,114683,121.0,98.84
1334,114693,-91.0,98.84
1335,114719,-75.0,98.84
1336,114833,13.0,98.84
1337,114840,-94.0,98.83
1338,114846,-95.0,98.83
1339,114912,-35.0,98.83
1340,114913,-100.0,98.83
1341,115315,301.0,98.84
1342,115317,-99.0,98.84
1343,115354,-64.0,98.83
1344,115515,60.0,98.84
1345,115566,-50.0,98.84
1346,116162,495.0,98.84
1347,116340,77.0,98.84
1348,116481,40.0,98.84
1349,116701,119.0,98.84
1350,116731,-71.0,98.84
1351,116736,-96.0,98.84
1352,116858,21.0,98.84
1353,116924,-35.0,98.84
1354,116991,-34.0,98.84
1355,116996,-96.0,98.84
1356,117000,-97.0,98.84
1357,117005,-96.0,98.84
1358,117162,56.0,98.84
1359,117288,25.0,98.84
1360,117565,176.0,98.84
1361,117635,-31.0,98.84
1362,117668,-68.0,98.84
1363,117845,76.0,98.84
1364,118021,75.0,98.84
1365,118100,-22.0,98.84
1366,118141,-60.0,98.84
1367,118813,571.0,98.85
1368,118854,-60.0,98.85
1369,118926,-29.0,98.85
1370,119156,129.0,98.85
1371,119589,332.0,98.85
1372,119623,-67.0,98.85
1373,120074,350.0,98.86
1374,120225,50.0,98.86
1375,120587,261.0,98.86
1376,120597,-91.0,98.86
1377,120604,-94.0,98.86
1378,121082,377.0,98.86
1379,121443,260.0,98.86
1380,121499,-45.0,98.86
1381,121856,256.0,98.87
1382,121924,-33.0,98.87
1383,121957,-68.0,98.87
1384,122296,238.0,98.87
1385,122383,-14.0,98.87
1386,122701,217.0,98.87
1387,122744,-58.0,98.87
1388,123023,178.0,98.87
1389,123025,-99.0,98.87
1390,123126,0.0,98.87
1391,123473,246.0,98.87
1392,123549,-25.0,98.87
1393,123962,312.0,98.88
1394,123963,-100.0,98.87
1395,124353,289.0,98.88
1396,124525,71.0,98.88
1397,124730,104.0,98.88
1398,124903,72.0,98.88
1399,124926,-78.0,98.88
1400,124935,-92.0,98.88
1401,124936,-100.0,98.88
1402,124937,-100.0,98.88
1403,125132,94.0,98.88
1404,125143,-90.0,98.88
1405,125147,-97.0,98.88
1406,125238,-10.0,98.88
1407,125412,73.0,98.88
1408,125502,-11.0,98.88
1409,125628,25.0,98.88
1410,125796,67.0,98.88
1411,125907,10.0,98.88
1412,125974,-34.0,98.88
1413,126448,373.0,98.88
1414,126499,-50.0,98.88
1415,126942,342.0,98.88
1416,126945,-98.0,98.88
1417,127000,-46.0,98.88
1418,127017,-84.0,98.88
1419,127183,65.0,98.88
1420,127184,-100.0,98.88
1421,127214,-71.0,98.88
1422,127215,-100.0,98.88
1423,127418,102.0,98.88
1424,127729,210.0,98.88
1425,127760,-70.0,98.88
1426,127959,98.0,98.88
1427,127992,-68.0,98.88
1428,128026,-67.0,98.88
1429,128096,-31.0,98.88
1430,128143,-54.0,98.88
1431,128195,-49.0,98.88
1432,128357,61.0,98.88
1433,128372,-86.0,98.88
1434,128419,-54.0,98.88
1435,128514,-6.0,98.88
1436,128745,130.0,98.88
1437,129026,180.0,98.89
1438,129040,-87.0,98.88
1439,129057,-84.0,98.88
1440,129058,-100.0,98.88
1441,129308,149.0,98.88
1442,129565,156.0,98.89
1443,129616,-50.0,98.89
1444,129812,95.0,98.89
1445,129829,-84.0,98.89
1446,130029,99.0,98.89
1447,130470,340.0,98.89
1448,130535,-36.0,98.89
1449,130695,59.0,98.89
1450,130696,-100.0,98.89
1451,130713,-84.0,98.89
1452,131479,665.0,98.89
1453,131483,-97.0,98.89
1454,131560,-24.0,98.89
1455,131800,139.0,98.9
1456,131801,-100.0,98.89
1457,131993,91.0,98.9
1458,131995,-99.0,98.89
1459,132023,-73.0,98.89
1460,132026,-98.0,98.89
1461,132049,-78.0,98.89
1462,132096,-54.0,98.89
1463,132104,-93.0,98.89
1464,132165,-40.0,98.89
1465,132166,-100.0,98.89
1466,132245,-22.0,98.89
1467,132252,-94.0,98.89
1468,132259,-94.0,98.89
1469,132269,-91.0,98.89
1470,132285,-85.0,98.89
1471,132740,354.0,98.89
1472,132742,-99.0,98.89
1473,132776,-67.0,98.89
1474,132856,-21.0,98.89
1475,133141,184.0,98.89
1476,133831,589.0,98.9
1477,134045,113.0,98.9
1478,134046,-100.0,98.9
1479,134082,-65.0,98.9
1480,134221,38.0,98.9
1481,134255,-67.0,98.9
1482,134386,30.0,98.9
1483,134465,-22.0,98.9
1484,134466,-100.0,98.9
1485,134499,-68.0,98.9
1486,134518,-82.0,98.89
1487,134519,-100.0,98.89
1488,134631,11.0,98.89
1489,134632,-100.0,98.89
1490,134804,71.0,98.89
1491,134805,-100.0,98.89
1492,134968,62.0,98.89
1493,134969,-100.0,98.89
1494,135166,96.0,98.89
1495,135171,-96.0,98.89
1496,135176,-96.0,98.89
1497,135177,-100.0,98.89
1498,135223,-55.0,98.89
1499,135307,-17.0,98.89
1500,135423,15.0,98.89
1501,135673,149.0,98.89
1502,135698,-76.0,98.89
1503,135735,-64.0,98.89
1504,136086,250.0,98.89
1505,136153,-34.0,98.89
1506,136160,-94.0,98.89
1507,136308,47.0,98.89
1508,136460,51.0,98.89
1509,136753,192.0,98.9
1510,136865,11.0,98.9
1511,136900,-66.0,98.9
1512,137003,2.0,98.9
1513,137109,5.0,98.9
1514,137245,35.0,98.9
1515,137314,-32.0,98.9
1516,137426,11.0,98.9
1517,137543,16.0,98.9
1518,137571,-73.0,98.9
1519,137596,-76.0,98.9
1520,137598,-99.0,98.89
1521,137680,-19.0,98.89
1522,137726,-55.0,98.89
1523,137844,17.0,98.89
1524,137981,36.0,98.89
1525,138429,347.0,98.9
1526,138912,382.0,98.9
1527,139089,76.0,98.9
1528,139090,-100.0,98.9
1529,139091,-100.0,98.9
1530,139502,310.0,98.9
1531,139569,-34.0,98.9
1532,139757,87.0,98.9
1533,139758,-100.0,98.9
1534,139779,-80.0,98.9
1535,139780,-100.0,98.9
1536,139879,-2.0,98.9
1537,139965,-15.0,98.9
1538,140094,28.0,98.9
1539,140118,-77.0,98.9
1540,140135,-84.0,98.9
1541,140136,-100.0,98.9
1542,140292,55.0,98.9
1543,140293,-100.0,98.9
1544,140496,102.0,98.9
1545,140502,-95.0,98.9
1546,140651,48.0,98.9
1547,140680,-72.0,98.9
1548,140893,112.0,98.9
1549,140951,-43.0,98.9
1550,140955,-97.0,98.9
1551,141228,172.0,98.9
1552,141553,224.0,98.9
1553,141588,-66.0,98.9
1554,141598,-91.0,98.9
1555,141851,152.0,98.9
1556,142019,67.0,98.9
1557,142086,-34.0,98.9
1558,142136,-51.0,98.9
1559,142140,-97.0,98.9
1560,142184,-57.0,98.9
1561,142249,-36.0,98.9
1562,142336,-14.0,98.9
1563,142395,-42.0,98.9
1564,142396,-100.0,98.9
1565,142419,-78.0,98.9
1566,142426,-94.0,98.9
1567,142435,-92.0,98.9
1568,142471,-65.0,98.9
1569,142553,-19.0,98.9
1570,142554,-100.0,98.9
1571,142736,81.0,98.9
1572,142748,-89.0,98.9
1573,142749,-100.0,98.9
1574,142806,-44.0,98.9
1575,142858,-49.0,98.9
1576,143042,83.0,98.9
1577,143073,-70.0,98.9
1578,143092,-82.0,98.9
1579,143207,14.0,98.9
1580,143438,130.0,98.9
1581,143598,59.0,98.9
1582,143694,-5.0,98.9
1583,143711,-84.0,98.9
1584,143756,-56.0,98.9
1585,143868,11.0,98.9
1586,143925,-44.0,98.9
1587,144311,285.0,98.9
1588,144350,-62.0,98.9
1589,144379,-72.0,98.9
1590,144657,177.0,98.9
1591,145111,353.0,98.9
1592,145182,-30.0,98.9
1593,145394,111.0,98.9
1594,145429,-66.0,98.9
1595,145486,-44.0,98.9
1596,145540,-47.0,98.9
1597,145572,-69.0,98.9
1598,145647,-26.0,98.9
1599,145648,-100.0,98.9
1600,145649,-100.0,98.9
1601,145676,-74.0,98.9
1602,145763,-14.0,98.9
1603,145794,-70.0,98.9
1604,145931,36.0,98.9
1605,145982,-50.0,98.9
1606,146008,-75.0,98.9
1607,146019,-90.0,98.9
1608,146130,10.0,98.9
1609,146170,-61.0,98.9
1610,146350,79.0,98.9
1611,146351,-100.0,98.9
1612,146940,488.0,98.9
1613,146950,-91.0,98.9
1614,147120,69.0,98.9
1615,147138,-83.0,98.9
1616,147182,-57.0,98.9
1617,147208,-75.0,98.9
1618,147373,64.0,98.9
1619,147581,107.0,98.9
1620,147667,-15.0,98.9
1621,147757,-11.0,98.9
1622,147846,-12.0,98.9
1623,147892,-55.0,98.9
1624,147958,-35.0,98.9
1625,147959,-100.0,98.9
1626,148166,106.0,98.9
1627,148279,12.0,98.9
1628,148286,-94.0,98.9
1629,148310,-77.0,98.9
1630,148428,17.0,98.9
1631,148545,16.0,98.9
1632,148821,175.0,98.9
1633,148822,-100.0,98.9
1634,149239,316.0,98.9
1635,149245,-95.0,98.9
1636,149260,-86.0,98.9
1637,149261,-100.0,98.9
1638,149300,-62.0,98.9
1639,149318,-83.0,98.9
1640,149319,-100.0,98.9
1641,149427,7.0,98.9
1642,149497,-31.0,98.9
1643,149708,110.0,98.9
1644,149759,-50.0,98.9
1645,149884,24.0,98.9
1646,149885,-100.0,98.9
1647,149892,-94.0,98.9
1648,149917,-76.0,98.9
1649,149918,-100.0,98.9
1650,149983,-36.0,98.9
1651,150015,-69.0,98.9
1652,150094,-22.0,98.9
1653,150146,-49.0,98.9
1654,150353,106.0,98.9
1655,150518,64.0,98.9
1656,150519,-100.0,98.9
1657,150592,-28.0,98.9
1658,150610,-83.0,98.9
1659,150692,-19.0,98.9
1660,150943,150.0,98.9
1661,151122,78.0,98.9
1662,151276,53.0,98.9
1663,151376,-1.0,98.9
1664,151467,-10.0,98.9
1665,151509,-59.0,98.9
1666,151818,208.0,98.9
1667,152046,127.0,98.9
1668,152119,-28.0,98.9
1669,152153,-67.0,98.9
1670,152164,-90.0,98.9
1671,152222,-43.0,98.9
1672,152246,-77.0,98.9
1673,152288,-59.0,98.9
1674,152309,-80.0,98.9
1675,152334,-76.0,98.9
1676,152454,19.0,98.9
1677,152456,-99.0,98.9
1678,152576,19.0,98.9
1679,152673,-4.0,98.9
1680,152674,-100.0,98.9
1681,152834,59.0,98.9
1682,152878,-57.0,98.9
1683,153056,77.0,98.9
1684,153095,-62.0,98.9
1685,153104,-92.0,98.9
1686,153130,-75.0,98.9
1687,153136,-95.0,98.9
1688,153360,123.0,98.9
1689,153383,-78.0,98.9
1690,153405,-79.0,98.9
1691,153498,-8.0,98.9
1692,153531,-68.0,98.9
1693,153551,-81.0,98.9
1694,153623,-29.0,98.9
1695,153624,-100.0,98.9
1696,153638,-87.0,98.9
1697,153639,-100.0,98.89
1698,153656,-84.0,98.89
1699,153700,-57.0,98.89
1700,153701,-100.0,98.89
1701,153720,-82.0,98.89
1702,153734,-87.0,98.89
1703,153844,9.0,98.89
1704,154016,71.0,98.89
1705,154030,-87.0,98.89
1706,154146,15.0,98.89
1707,154252,5.0,98.89
1708,154261,-92.0,98.89
1709,154340,-22.0,98.89
1710,154696,255.0,98.89
1711,154773,-24.0,98.89
1712,154848,-26.0,98.89
1713,154879,-70.0,98.89
1714,154948,-32.0,98.89
1715,155090,41.0,98.89
1716,155128,-63.0,98.89
1717,155321,92.0,98.89
1718,155440,18.0,98.89
1719,155448,-93.0,98.89
1720,155449,-100.0,98.89
1721,155452,-98.0,98.89
1722,155505,-48.0,98.89
1723,155628,22.0,98.89
1724,155912,183.0,98.89
1725,156087,74.0,98.89
1726,156103,-85.0,98.89
1727,156104,-100.0,98.89
1728,156222,17.0,98.89
1729,156265,-58.0,98.89
1730,156339,-27.0,98.89
1731,156394,-46.0,98.89
1732,156395,-100.0,98.89
1733,156396,-100.0,98.89
1734,156490,-7.0,98.89
1735,156575,-16.0,98.89
1736,156675,-1.0,98.89
1737,156722,-54.0,98.89
1738,156754,-69.0,98.89
1739,156755,-100.0,98.89
1740,156774,-82.0,98.89
1741,156794,-81.0,98.89
1742,156894,-1.0,98.89
1743,157040,45.0,98.89
1744,157144,3.0,98.89
1745,157289,44.0,98.89
1746,157298,-92.0,98.89
1747,157303,-96.0,98.89
1748,157321,-83.0,98.89
1749,157488,66.0,98.89
1750,157565,-24.0,98.89
1751,157618,-48.0,98.89
1752,157639,-80.0,98.89
1753,157754,14.0,98.89
1754,157782,-73.0,98.89
1755,157797,-86.0,98.89
1756,157805,-93.0,98.89
1757,157806,-100.0,98.89
1758,157910,3.0,98.89
1759,157941,-70.0,98.89
1760,158046,4.0,98.89
1761,158208,61.0,98.89
1762,158311,2.0,98.89
1763,158389,-23.0,98.89
1764,158491,1.0,98.89
1765,158508,-84.0,98.89
1766,158509,-100.0,98.89
1767,158555,-55.0,98.88
1768,158556,-100.0,98.88
1769,158592,-65.0,98.88
1770,158598,-95.0,98.88
1771,158708,9.0,98.88
1772,158822,13.0,98.88
1773,159021,98.0,98.88
1774,159057,-65.0,98.88
1775,159345,187.0,98.89
1776,159459,13.0,98.89
1777,159460,-100.0,98.88
1778,159493,-68.0,98.88
1779,159514,-80.0,98.88
1780,159633,18.0,98.88
1781,159809,75.0,98.88
1782,159812,-98.0,98.88
1783,159814,-99.0,98.88
1784,160200,285.0,98.89
1785,160265,-36.0,98.89
1786,160270,-96.0,98.88
1787,160325,-46.0,98.88
1788,160339,-87.0,98.88
1789,160417,-23.0,98.88
1790,160440,-78.0,98.88
1791,160567,26.0,98.88
1792,160568,-100.0,98.88
1793,160616,-53.0,98.88
1794,160725,8.0,98.88
1795,160771,-55.0,98.88
1796,160829,-43.0,98.88
1797,160981,51.0,98.88
1798,160982,-100.0,98.88
1799,161111,28.0,98.88
1800,161614,402.0,98.89
1801,161774,59.0,98.89
1802,161852,-23.0,98.89
1803,161872,-81.0,98.89
1804,162120,147.0,98.89
1805,162590,369.0,98.89
1806,162730,39.0,98.89
1807,162781,-50.0,98.89
1808,162802,-80.0,98.89
1809,162926,23.0,98.89
1810,162927,-100.0,98.89
1811,163050,22.0,98.89
1812,163114,-37.0,98.89
1813,163128,-87.0,98.89
1814,163147,-82.0,98.89
1815,163758,510.0,98.89
1816,163791,-68.0,98.89
1817,163936,44.0,98.89
1818,164324,287.0,98.89
1819,164737,312.0,98.9
1820,164740,-98.0,98.89
1821,164742,-99.0,98.89
1822,164752,-91.0,98.89
1823,164763,-90.0,98.89
1824,164764,-100.0,98.89
1825,164798,-67.0,98.89
1826,164799,-100.0,98.89
1827,164814,-86.0,98.89
1828,164851,-64.0,98.89
1829,164897,-55.0,98.89
1830,164929,-69.0,98.89
1831,164948,-82.0,98.89
1832,164955,-94.0,98.89
1833,164977,-79.0,98.89
1834,165015,-63.0,98.89
1835,165020,-96.0,98.89
1836,165245,124.0,98.89
1837,165251,-95.0,98.89
1838,165502,150.0,98.89
1839,165582,-21.0,98.89
1840,165740,57.0,98.89
1841,166149,308.0,98.89
1842,166179,-71.0,98.89
1843,166187,-93.0,98.89
1844,166248,-40.0,98.89
1845,166581,232.0,98.89
1846,166789,107.0,98.89
1847,166923,33.0,98.89
1848,166924,-100.0,98.89
1849,167182,157.0,98.89
1850,167387,104.0,98.89
1851,167888,400.0,98.9
1852,168299,310.0,98.9
1853,168425,25.0,98.9
1854,168465,-61.0,98.9
1855,168478,-88.0,98.9
1856,168559,-20.0,98.9
1857,168560,-100.0,98.9
1858,168565,-96.0,98.9
1859,168776,110.0,98.9
1860,168902,25.0,98.9
1861,168936,-67.0,98.9
1862,169034,-3.0,98.9
1863,169350,215.0,98.9
1864,169669,218.0,98.9
1865,170130,360.0,98.9
1866,170501,270.0,98.9
1867,170564,-38.0,98.9
1868,170565,-100.0,98.9
1869,170567,-99.0,98.9
1870,170629,-39.0,98.9
1871,170650,-80.0,98.9
1872,170668,-83.0,98.9
1873,170670,-99.0,98.9
1874,170671,-100.0,98.9
1875,170760,-12.0,98.9
1876,170761,-100.0,98.9
1877,170791,-71.0,98.9
1878,170816,-76.0,98.9
1879,170818,-99.0,98.9
1880,170848,-71.0,98.9
1881,170993,44.0,98.9
1882,171163,69.0,98.9
1883,171385,121.0,98.9
1884,171386,-100.0,98.9
1885,171392,-95.0,98.9
1886,171415,-78.0,98.9
1887,171416,-100.0,98.9
1888,171508,-9.0,98.9
1889,171607,-2.0,98.9
1890,171694,-14.0,98.9
1891,171705,-90.0,98.9
1892,171787,-19.0,98.9
1893,171877,-11.0,98.9
1894,171911,-67.0,98.9
1895,171920,-92.0,98.9
1896,171956,-65.0,98.9
1897,172053,-4.0,98.9
1898,172170,16.0,98.9
1899,172176,-95.0,98.9
1900,172179,-98.0,98.9
1901,172183,-97.0,98.9
1902,172196,-88.0,98.89
1903,172199,-98.0,98.89
1904,172200,-100.0,98.89
1905,172205,-96.0,98.89
1906,172212,-94.0,98.89
1907,172223,-90.0,98.89
1908,172225,-99.0,98.89
1909,172234,-92.0,98.89
1910,172241,-94.0,98.89
1911,172254,-88.0,98.89
1912,172268,-87.0,98.89
1913,172280,-89.0,98.89
1914,172290,-91.0,98.89
1915,172292,-99.0,98.89
1916,172354,-39.0,98.89
1917,172424,-31.0,98.89
1918,172464,-61.0,98.89
1919,172518,-47.0,98.89
1920,172555,-64.0,98.89
1921,172858,202.0,98.89
1922,172935,-24.0,98.89
1923,173004,-32.0,98.89
1924,173054,-51.0,98.89
1925,173060,-95.0,98.89
1926,173086,-75.0,98.89
1927,173265,78.0,98.89
1928,173336,-30.0,98.89
1929,173743,306.0,98.89
1930,173744,-100.0,98.89
1931,173876,31.0,98.89
1932,173933,-44.0,98.89
1933,174254,220.0,98.89
1934,174255,-100.0,98.89
1935,174300,-56.0,98.89
1936,174805,404.0,98.89
1937,174883,-23.0,98.89
1938,174885,-99.0,98.89
1939,174886,-100.0,98.89
1940,174919,-68.0,98.89
1941,174932,-88.0,98.89
1942,174933,-100.0,98.89
1943,174976,-58.0,98.89
1944,175139,62.0,98.89
1945,175453,213.0,98.89
1946,175454,-100.0,98.89
1947,175721,166.0,98.89
1948,175890,68.0,98.89
1949,175906,-85.0,98.89
1950,176182,175.0,98.89
1951,176210,-73.0,98.89
1952,176211,-100.0,98.89
1953,176253,-59.0,98.89
1954,176738,384.0,98.89
1955,176765,-74.0,98.89
1956,176839,-27.0,98.89
1957,176941,1.0,98.89
1958,177043,1.0,98.89
1959,177484,340.0,98.9
1960,177485,-100.0,98.9
1961,177785,199.0,98.9
1962,177810,-76.0,98.9
1963,177814,-97.0,98.9
1964,177838,-77.0,98.9
1965,177850,-89.0,98.89
1966,177964,13.0,98.89
1967,178003,-62.0,98.89
1968,178051,-53.0,98.89
1969,178119,-33.0,98.89
1970,178143,-77.0,98.89
1971,178352,108.0,98.89
1972,178377,-76.0,98.89
1973,178378,-100.0,98.89
1974,178489,10.0,98.89
1975,178814,224.0,98.89
1976,178815,-100.0,98.89
1977,178816,-100.0,98.89
1978,178817,-100.0,98.89
1979,178829,-89.0,98.89
1980,178849,-81.0,98.89
1981,178852,-98.0,98.89
1982,178880,-73.0,98.89
1983,178885,-96.0,98.89
1984,178889,-97.0,98.89
1985,178910,-80.0,98.89
1986,178964,-47.0,98.89
1987,179020,-45.0,98.89
1988,179121,0.0,98.89
1989,179148,-74.0,98.89
1990,179206,-43.0,98.89
1991,179207,-100.0,98.89
1992,179259,-49.0,98.89
1993,179356,-4.0,98.89
1994,179372,-85.0,98.89
1995,179459,-14.0,98.89
1996,179814,254.0,98.89
1997,179972,57.0,98.89
1998,180023,-50.0,98.89
1999,180428,304.0,98.89
2000,180440,-89.0,98.89
2001,180841,300.0,98.89
2002,181139,197.0,98.89
2003,181245,5.0,98.89
2004,181448,102.0,98.89
2005,181824,275.0,98.9
2006,181859,-66.0,98.9
2007,182248,288.0,98.9
2008,182385,36.0,98.9
2009,182386,-100.0,98.9
2010,182488,1.0,98.9
2011,182673,84.0,98.9
2012,182834,60.0,98.9
2013,183017,82.0,98.9
2014,183069,-49.0,98.9
2015,183416,246.0,98.9
2016,183467,-50.0,98.9
2017,183595,27.0,98.9
2018,183776,80.0,98.9
2019,183903,26.0,98.9
2020,184019,15.0,98.9
2021,184128,8.0,98.9
2022,184230,1.0,98.9
2023,184275,-56.0,98.9
2024,184304,-72.0,98.9
2025,184596,191.0,98.9
2026,184616,-81.0,98.9
2027,184646,-71.0,98.9
2028,185147,400.0,98.9
2029,185176,-72.0,98.9
2030,185237,-40.0,98.9
2031,185240,-98.0,98.9
2032,185364,23.0,98.9
2033,185365,-100.0,98.9
2034,185489,23.0,98.9
2035,185490,-100.0,98.9
2036,185546,-45.0,98.9
2037,185731,84.0,98.9
2038,185732,-100.0,98.9
2039,186188,355.0,98.9
2040,186332,43.0,98.9
2041,186333,-100.0,98.9
2042,186375,-59.0,98.9
2043,186439,-37.0,98.9
2044,186650,110.0,98.9
2045,186677,-74.0,98.9
2046,186798,20.0,98.9
2047,186849,-50.0,98.9
2048,186850,-100.0,98.9
2049,186858,-93.0,98.9
2050,186958,-1.0,98.9
2051,187097,38.0,98.9
2052,187098,-100.0,98.9
2053,187252,53.0,98.9
2054,187271,-82.0,98.9
2055,187273,-99.0,98.9
2056,187304,-70.0,98.9
2057,187606,201.0,98.9
2058,187681,-26.0,98.9
2059,187682,-100.0,98.9
2060,187745,-38.0,98.9
2061,187873,27.0,98.9
2062,187877,-97.0,98.9
2063,187987,9.0,98.9
2064,188072,-16.0,98.9
2065,188309,136.0,98.9
2066,188310,-100.0,98.9
2067,188932,521.0,98.91
2068,189161,128.0,98.91
2069,189336,74.0,98.91
2070,189788,351.0,98.91
2071,190003,114.0,98.91
2072,190012,-92.0,98.91
2073,190045,-68.0,98.91
2074,190173,27.0,98.91
2075,190689,415.0,98.91
2076,190713,-77.0,98.91
2077,190736,-78.0,98.91
2078,190737,-100.0,98.91
2079,190806,-32.0,98.91
2080,190826,-81.0,98.91
2081,190948,21.0,98.91
2082,191024,-25.0,98.91
2083,191057,-68.0,98.91
2084,191194,36.0,98.91
2085,191341,46.0,98.91
2086,191458,16.0,98.91
2087,191538,-21.0,98.91
2088,191740,101.0,98.91
2089,192001,160.0,98.91
2090,192002,-100.0,98.91
2091,192078,-25.0,98.91
2092,192079,-100.0,98.91
2093,192080,-100.0,98.91
2094,192082,-99.0,98.91
2095,192084,-99.0,98.91
2096,192089,-96.0,98.91
2097,192096,-94.0,98.91
2098,192097,-100.0,98.91
2099,192113,-85.0,98.91
2100,192125,-89.0,98.91
2101,192132,-94.0,98.91
2102,192155,-78.0,98.91
2103,192226,-30.0,98.91
2104,192309,-18.0,98.91
2105,192424,14.0,98.91
2106,192533,8.0,98.91
2107,192607,-27.0,98.91
2108,192608,-100.0,98.91
2109,192609,-100.0,98.9
2110,192610,-100.0,98.9
2111,192882,171.0,98.91
2112,192906,-77.0,98.9
2113,192933,-74.0,98.9
2114,192970,-64.0,98.9
2115,193739,668.0,98.91
2116,193928,88.0,98.91
2117,193929,-100.0,98.91
2118,194365,335.0,98.91
2119,194366,-100.0,98.91
2120,194367,-100.0,98.91
2121,194368,-100.0,98.91
2122,194402,-67.0,98.91
2123,194518,15.0,98.91
2124,194632,13.0,98.91
2125,194708,-25.0,98.91
2126,194722,-87.0,98.91
2127,194748,-75.0,98.91
2128,194843,-6.0,98.91
2129,195122,178.0,98.91
2130,195126,-97.0,98.91
2131,195134,-93.0,98.91
2132,195137,-98.0,98.91
2133,195144,-94.0,98.91
2134,195145,-100.0,98.91
2135,195148,-98.0,98.91
2136,195150,-99.0,98.9
2137,195153,-98.0,98.9
2138,195487,233.0,98.91
2139,195702,114.0,98.91
2140,196017,214.0,98.91
2141,196059,-59.0,98.91
2142,196230,70.0,98.91
2143,196233,-98.0,98.91
2144,196264,-70.0,98.91
2145,196271,-94.0,98.91
2146,196304,-68.0,98.91
2147,196311,-94.0,98.91
2148,196355,-57.0,98.91
2149,196410,-46.0,98.91
2150,196489,-22.0,98.91
2151,196626,36.0,98.91
2152,196627,-100.0,98.91
2153,196679,-49.0,98.9
2154,197028,248.0,98.91
2155,197036,-93.0,98.91
2156,197169,32.0,98.91
2157,197559,289.0,98.91
2158,197854,194.0,98.91
2159,197863,-92.0,98.91
2160,197864,-100.0,98.91
2161,197912,-53.0,98.91
2162,197979,-34.0,98.91
2163,197980,-100.0,98.91
2164,197982,-99.0,98.91
2165,198036,-47.0,98.91
2166,198149,12.0,98.91
2167,198212,-38.0,98.91
2168,198799,486.0,98.91
2169,198856,-44.0,98.91
2170,199109,152.0,98.91
2171,199217,7.0,98.91
2172,199223,-95.0,98.91
2173,199224,-100.0,98.91
2174,199253,-72.0,98.91
2175,199396,42.0,98.91
2176,199414,-83.0,98.91
2177,199415,-100.0,98.91
2178,199416,-100.0,98.91
2179,199417,-100.0,98.91
2180,199474,-44.0,98.91
2181,199647,72.0,98.91
2182,199906,158.0,98.91
2183,199910,-97.0,98.91
2184,200026,15.0,98.91
2185,200027,-100.0,98.91
2186,200032,-96.0,98.91
2187,200067,-66.0,98.91
2188,200076,-92.0,98.91
2189,200114,-63.0,98.91
2190,200134,-81.0,98.91
2191,200166,-69.0,98.9
2192,201129,862.0,98.91
2193,201221,-9.0,98.91
2194,201227,-95.0,98.91
2195,202014,686.0,98.91
2196,202015,-100.0,98.91
2197,202104,-12.0,98.91
2198,202105,-100.0,98.91
2199,202127,-79.0,98.91
2200,202177,-51.0,98.91
2201,202183,-95.0,98.91
2202,202241,-43.0,98.91
2203,202530,188.0,98.91
2204,202536,-95.0,98.91
2205,203121,484.0,98.91
2206,203900,678.0,98.92
2207,204424,423.0,98.92
2208,204763,238.0,98.92
2209,204780,-84.0,98.92
2210,204828,-53.0,98.92
2211,204945,16.0,98.92
2212,204984,-62.0,98.92
2213,205023,-62.0,98.92
2214,205024,-100.0,98.92
2215,205084,-41.0,98.92
2216,205085,-100.0,98.92
2217,205122,-64.0,98.92
2218,205157,-66.0,98.92
2219,205190,-68.0,98.92
2220,205204,-87.0,98.92
2221,205236,-69.0,98.92
2222,205238,-99.0,98.92
2223,205247,-92.0,98.92
2224,205252,-96.0,98.92
2225,205312,-41.0,98.92
2226,205336,-77.0,98.92
2227,205359,-78.0,98.92
2228,205362,-98.0,98.91
2229,205536,73.0,98.92
2230,205551,-86.0,98.91
2231,205643,-9.0,98.91
2232,205719,-25.0,98.91
2233,205873,53.0,98.91
2234,206095,121.0,98.92
2235,206142,-54.0,98.92
2236,206362,119.0,98.92
2237,206638,175.0,98.92
2238,206744,5.0,98.92
2239,206969,124.0,98.92
2240,207275,205.0,98.92
2241,207276,-100.0,98.92
2242,207688,311.0,98.92
2243,208072,283.0,98.92
2244,208399,226.0,98.92
2245,208563,63.0,98.92
2246,208787,123.0,98.92
2247,208961,73.0,98.92
2248,209014,-48.0,98.92
2249,209238,123.0,98.92
2250,209254,-85.0,98.92
2251,209422,67.0,98.92
2252,209475,-48.0,98.92
2253,209920,344.0,98.93
2254,209929,-92.0,98.93
2255,209960,-70.0,98.93
2256,209982,-79.0,98.93
2257,209989,-94.0,98.92
2258,209997,-93.0,98.92
2259,210032,-66.0,98.92
2260,210068,-65.0,98.92
2261,210080,-89.0,98.92
2262,210106,-75.0,98.92
2263,210341,134.0,98.92
2264,210342,-100.0,98.92
2265,210485,42.0,98.92
2266,210673,87.0,98.92
2267,210844,70.0,98.92
2268,210845,-100.0,98.92
2269,210849,-97.0,98.92
2270,210864,-86.0,98.92
2271,210926,-39.0,98.92
2272,211234,207.0,98.92
2273,211391,56.0,98.92
2274,211609,117.0,98.92
2275,211745,35.0,98.93
2276,211848,2.0,98.93
2277,212257,308.0,98.93
2278,212517,159.0,98.93
2279,212678,60.0,98.93
2280,212771,-8.0,98.93
2281,213819,947.0,98.93
2282,214497,577.0,98.94
2283,214498,-100.0,98.94
2284,215171,572.0,98.94
2285,215342,70.0,98.94
2286,215356,-87.0,98.94
2287,215357,-100.0,98.94
2288,215362,-96.0,98.94
2289,215560,97.0,98.94
2290,216002,341.0,98.94
2291,216214,111.0,98.94
2292,216300,-15.0,98.94
2293,216329,-72.0,98.94
2294,216352,-78.0,98.94
2295,216413,-40.0,98.94
2296,216450,-64.0,98.94
2297,216621,70.0,98.94
2298,216778,56.0,98.94
2299,216912,33.0,98.94
2300,217132,119.0,98.94
2301,217293,60.0,98.94
2302,217323,-71.0,98.94
2303,217370,-54.0,98.94
2304,217428,-43.0,98.94
2305,217492,-37.0,98.94
2306,217512,-81.0,98.94
2307,217542,-71.0,98.94
2308,217543,-100.0,98.94
2309,217548,-96.0,98.94
2310,217568,-81.0,98.94
2311,217696,27.0,98.94
2312,217731,-66.0,98.94
2313,217803,-29.0,98.94
2314,217841,-63.0,98.94
2315,217882,-60.0,98.94
2316,217902,-81.0,98.94
2317,217919,-84.0,98.94
2318,217930,-90.0,98.94
2319,218061,30.0,98.94
2320,218068,-94.0,98.94
2321,218069,-100.0,98.94
2322,218091,-79.0,98.93
2323,218092,-100.0,98.93
2324,218155,-38.0,98.93
2325,218174,-82.0,98.93
2326,218373,98.0,98.93
2327,218733,259.0,98.94
2328,218743,-91.0,98.94
2329,218765,-79.0,98.93
2330,218781,-85.0,98.93
2331,218981,99.0,98.94
2332,219048,-34.0,98.93
2333,219086,-63.0,98.93
2334,219143,-44.0,98.93
2335,219186,-58.0,98.93
2336,219247,-40.0,98.93
2337,219257,-91.0,98.93
2338,220124,766.0,98.94
2339,220142,-83.0,98.94
2340,220451,208.0,98.94
2341,220572,20.0,98.94
2342,220585,-88.0,98.94
2343,220589,-97.0,98.94
2344,220613,-77.0,98.94
2345,220683,-31.0,98.94
2346,220684,-100.0,98.94
2347,220755,-30.0,98.94
2348,220827,-29.0,98.94
2349,221387,459.0,98.94
2350,221485,-3.0,98.94
2351,221498,-88.0,98.94
2352,221596,-3.0,98.94
2353,221681,-16.0,98.94
2354,221737,-45.0,98.94
2355,221764,-74.0,98.94
2356,221810,-55.0,98.94
2357,221824,-87.0,98.94
2358,221853,-72.0,98.94
2359,221918,-36.0,98.94
2360,221947,-72.0,98.94
2361,221986,-62.0,98.94
2362,222011,-76.0,98.94
2363,222114,2.0,98.94
2364,222115,-100.0,98.94
2365,222181,-35.0,98.94
2366,222247,-35.0,98.93
2367,222253,-95.0,98.93
2368,222278,-76.0,98.93
2369,222279,-100.0,98.93
2370,222287,-93.0,98.93
2371,222294,-94.0,98.93
2372,222296,-99.0,98.93
2373,222297,-100.0,98.93
2374,222336,-62.0,98.93
2375,222449,12.0,98.93
2376,222484,-66.0,98.93
2377,222521,-64.0,98.93
2378,222567,-55.0,98.93
2379,222631,-37.0,98.93
2380,222653,-79.0,98.93
2381,222703,-51.0,98.93
2382,222715,-89.0,98.93
2383,223038,222.0,98.93
2384,223060,-79.0,98.93
2385,223097,-64.0,98.93
2386,223477,279.0,98.93
2387,223534,-44.0,98.93
2388,223716,81.0,98.93
2389,223738,-79.0,98.93
2390,224172,333.0,98.93
2391,224173,-100.0,98.93
2392,224174,-100.0,98.93
2393,224437,162.0,98.93
2394,224496,-42.0,98.93
2395,224543,-54.0,98.93
2396,224544,-100.0,98.93
2397,224545,-100.0,98.93
2398,224588,-58.0,98.93
2399,225251,562.0,98.93
2400,225490,138.0,98.94
2401,225565,-26.0,98.94
2402,226170,504.0,98.94
2403,226461,190.0,98.94
2404,226604,42.0,98.94
2405,226641,-64.0,98.94
2406,226642,-100.0,98.94
2407,226690,-53.0,98.94
2408,226819,28.0,98.94
2409,226820,-100.0,98.94
2410,227101,180.0,98.94
2411,227265,63.0,98.94
2412,227308,-58.0,98.94
2413,227885,476.0,98.94
2414,227955,-31.0,98.94
2415,228476,420.0,98.94
2416,228508,-69.0,98.94
2417,228640,31.0,98.94
2418,228664,-77.0,98.94
2419,228761,-4.0,98.94
2420,229338,476.0,98.94
2421,229365,-74.0,98.94
2422,229771,305.0,98.95
2423,229778,-94.0,98.95
2424,229784,-95.0,98.94
2425,229785,-100.0,98.94
2426,230213,327.0,98.95
2427,230361,47.0,98.95
2428,230476,14.0,98.95
2429,230553,-24.0,98.95
2430,230589,-65.0,98.95
2431,230711,21.0,98.95
2432,230837,25.0,98.95
2433,230901,-37.0,98.95
2434,230943,-59.0,98.95
2435,231402,358.0,98.95
2436,231653,150.0,98.95
2437,231791,37.0,98.95
2438,231792,-100.0,98.95
2439,231941,48.0,98.95
2440,231956,-86.0,98.95
2441,232148,91.0,98.95
2442,232382,133.0,98.95
2443,232561,78.0,98.95
2444,232936,274.0,98.95
2445,232937,-100.0,98.95
2446,232943,-95.0,98.95
2447,233177,133.0,98.95
2448,233446,168.0,98.95
2449,233457,-90.0,98.95
2450,233676,118.0,98.95
2451,233862,85.0,98.95
2452,233896,-67.0,98.95
2453,234053,56.0,98.95
2454,234495,341.0,98.95
2455,234549,-47.0,98.95
2456,234964,314.0,98.95
2457,235041,-24.0,98.95
2458,235567,425.0,98.96
2459,235598,-70.0,98.96
2460,235599,-100.0,98.96
2461,235697,-3.0,98.96
2462,235698,-100.0,98.96
2463,235755,-44.0,98.95
2464,235756,-100.0,98.95
2465,235765,-92.0,98.95
2466,235782,-84.0,98.95
2467,235784,-99.0,98.95
2468,235855,-30.0,98.95
2469,235878,-78.0,98.95
2470,235911,-68.0,98.95
2471,235928,-84.0,98.95
2472,235930,-99.0,98.95
2473,236503,472.0,98.95
2474,236682,78.0,98.95
2475,236718,-65.0,98.95
2476,236770,-49.0,98.95
2477,236787,-84.0,98.95
2478,236835,-53.0,98.95
2479,236866,-70.0,98.95
2480,237188,221.0,98.95
2481,237327,38.0,98.95
2482,237508,80.0,98.95
2483,237997,388.0,98.96
2484,238009,-89.0,98.96
2485,238180,70.0,98.96
2486,238294,13.0,98.96
2487,238340,-55.0,98.96
2488,238404,-37.0,98.96
2489,238438,-67.0,98.96
2490,238464,-75.0,98.96
2491,238487,-78.0,98.96
2492,238566,-22.0,98.95
2493,238567,-100.0,98.95
2494,238586,-82.0,98.95
2495,238598,-89.0,98.95
2496,238715,16.0,98.95
2497,238752,-64.0,98.95
2498,238885,32.0,98.95
2499,238928,-58.0,98.95
2500,238929,-100.0,98.95
2501,238964,-66.0,98.95
2502,239030,-35.0,98.95
2503,239142,11.0,98.95
2504,239205,-38.0,98.95
2505,239280,-26.0,98.95
2506,239287,-94.0,98.95
2507,239367,-21.0,98.95
2508,239372,-96.0,98.95
2509,239386,-87.0,98.95
2510,239601,114.0,98.95
2511,239655,-47.0,98.95
2512,239703,-53.0,98.95
2513,239766,-38.0,98.95
2514,240074,207.0,98.95
2515,240267,92.0,98.95
2516,240285,-83.0,98.95
2517,240627,241.0,98.95
2518,241212,484.0,98.96
2519,241282,-31.0,98.96
2520,241349,-34.0,98.96
2521,241374,-76.0,98.96
2522,241544,69.0,98.96
2523,241656,11.0,98.96
2524,241658,-99.0,98.96
2525,241684,-75.0,98.95
2526,242012,227.0,98.96
2527,242034,-79.0,98.96
2528,242035,-100.0,98.96
2529,242092,-44.0,98.95
2530,242096,-97.0,98.95
2531,242097,-100.0,98.95
2532,242098,-100.0,98.95
2533,242111,-88.0,98.95
2534,242166,-46.0,98.95
2535,242247,-20.0,98.95
2536,242399,51.0,98.95
2537,242421,-79.0,98.95
2538,242489,-33.0,98.95
2539,242490,-100.0,98.95
2540,242566,-25.0,98.95
2541,242688,21.0,98.95
2542,242733,-56.0,98.95
2543,242843,9.0,98.95
2544,242844,-100.0,98.95
2545,242845,-100.0,98.95
2546,242859,-87.0,98.95
2547,242860,-100.0,98.95
2548,242923,-38.0,98.95
2549,242925,-99.0,98.95
2550,243002,-24.0,98.95
2551,243084,-19.0,98.95
2552,243120,-65.0,98.95
2553,243129,-92.0,98.95
2554,243159,-71.0,98.95
2555,243264,4.0,98.95
2556,243330,-35.0,98.95
2557,243334,-97.0,98.95
2558,243412,-23.0,98.95
2559,243427,-86.0,98.95
2560,243428,-100.0,98.95
2561,243455,-74.0,98.95
2562,243609,53.0,98.95
2563,243610,-100.0,98.95
2564,243612,-99.0,98.95
2565,243613,-100.0,98.95
2566,243651,-63.0,98.95
2567,243677,-75.0,98.95
2568,243746,-32.0,98.95
2569,243780,-67.0,98.95
2570,243893,12.0,98.95
2571,244189,195.0,98.95
2572,244297,7.0,98.95
2573,244356,-42.0,98.95
2574,244379,-78.0,98.95
2575,244380,-100.0,98.95
2576,244469,-12.0,98.95
2577,244617,47.0,98.95
2578,244703,-15.0,98.95
2579,245106,302.0,98.95
2580,245369,162.0,98.95
2581,245516,46.0,98.95
2582,245810,193.0,98.95
2583,245811,-100.0,98.95
2584,245900,-12.0,98.95
2585,246434,433.0,98.95
2586,246435,-100.0,98.95
2587,246569,33.0,98.95
2588,247367,697.0,98.95
2589,247458,-10.0,98.95
2590,247821,262.0,98.95
2591,247928,6.0,98.95
2592,247954,-75.0,98.95
2593,248077,22.0,98.95
2594,248243,65.0,98.95
2595,248260,-84.0,98.95
2596,248347,-14.0,98.95
2597,248699,251.0,98.96
2598,248714,-86.0,98.96
2599,248715,-100.0,98.95
2600,248790,-26.0,98.95
2601,248797,-94.0,98.95
2602,248907,9.0,98.95
2603,249124,116.0,98.95
2604,249129,-96.0,98.95
2605,249160,-70.0,98.95
2606,249182,-79.0,98.95
2607,249273,-10.0,98.95
2608,249362,-12.0,98.95
2609,249415,-48.0,98.95
2610,249475,-41.0,98.95
2611,249522,-54.0,98.95
2612,249590,-33.0,98.95
2613,249815,124.0,98.95
2614,250014,98.0,98.95
2615,250135,20.0,98.95
2616,250564,328.0,98.96
2617,250822,157.0,98.96
2618,250823,-100.0,98.96
2619,250912,-12.0,98.96
2620,250913,-100.0,98.96
2621,251106,92.0,98.96
2622,251159,-48.0,98.96
2623,251526,266.0,98.96
2624,251555,-72.0,98.96
2625,251745,89.0,98.96
2626,251817,-29.0,98.96
2627,251818,-100.0,98.96
2628,251822,-97.0,98.96
2629,251823,-100.0,98.96
2630,251886,-38.0,98.96
2631,252161,174.0,98.96
2632,252163,-99.0,98.96
2633,252178,-86.0,98.96
2634,252203,-76.0,98.96
2635,252339,35.0,98.96
2636,252560,120.0,98.96
2637,252625,-36.0,98.96
2638,253012,286.0,98.96
2639,253244,131.0,98.96
2640,253330,-15.0,98.96
2641,253688,257.0,98.96
2642,253788,-1.0,98.96
2643,254109,220.0,98.96
2644,254132,-78.0,98.96
2645,254468,235.0,98.96
2646,254575,6.0,98.96
2647,254652,-24.0,98.96
2648,254660,-93.0,98.96
2649,254699,-62.0,98.96
2650,254700,-100.0,98.96
2651,255063,262.0,98.96
2652,255065,-99.0,98.96
2653,255187,21.0,98.96
2654,255288,0.0,98.96
2655,255335,-54.0,98.96
2656,255536,100.0,98.96
2657,255682,45.0,98.96
2658,255936,153.0,98.96
2659,255989,-48.0,98.96
2660,256031,-59.0,98.96
2661,256041,-91.0,98.96
2662,256076,-66.0,98.96
2663,256143,-34.0,98.96
2664,256729,485.0,98.96
2665,256807,-23.0,98.96
2666,256943,35.0,98.96
2667,257256,212.0,98.96
2668,257432,75.0,98.96
2669,257433,-100.0,98.96
2670,257446,-88.0,98.96
2671,257448,-99.0,98.96
2672,257449,-100.0,98.96
2673,257770,220.0,98.96
2674,257827,-44.0,98.96
2675,257878,-50.0,98.96
2676,257923,-56.0,98.96
2677,257977,-47.0,98.96
2678,258015,-63.0,98.96
2679,258050,-66.0,98.96
2680,258149,-2.0,98.96
2681,258229,-21.0,98.96
2682,258384,54.0,98.96
2683,258514,29.0,98.96
2684,258528,-87.0,98.96
2685,258588,-41.0,98.96
2686,258622,-67.0,98.96
2687,258726,3.0,98.96
2688,258843,16.0,98.96
2689,258942,-2.0,98.96
2690,258989,-54.0,98.96
2691,259257,167.0,98.96
2692,259332,-26.0,98.96
2693,259420,-13.0,98.96
2694,259494,-27.0,98.96
2695,259495,-100.0,98.96
2696,259507,-89.0,98.96
2697,259524,-84.0,98.96
2698,259550,-75.0,98.96
2699,259606,-45.0,98.96
2700,259687,-20.0,98.96
2701,259979,191.0,98.96
2702,260203,123.0,98.96
2703,260403,99.0,98.96
2704,260420,-84.0,98.96
2705,260424,-97.0,98.96
2706,260427,-98.0,98.96
2707,260433,-95.0,98.96
2708,260601,67.0,98.96
2709,260899,197.0,98.96
2710,260900,-100.0,98.96
2711,260904,-97.0,98.96
2712,260921,-84.0,98.96
2713,261528,506.0,98.96
2714,261564,-65.0,98.96
2715,261647,-18.0,98.96
2716,261834,86.0,98.96
2717,261835,-100.0,98.96
2718,261842,-94.0,98.96
2719,261858,-85.0,98.96
2720,261896,-63.0,98.96
2721,261899,-98.0,98.96
2722,261916,-84.0,98.96
2723,261922,-95.0,98.96
2724,261943,-80.0,98.96
2725,261957,-87.0,98.96
2726,262835,777.0,98.96
2727,262839,-97.0,98.96
2728,263143,203.0,98.96
2729,263440,196.0,98.96
2730,263782,241.0,98.96
2731,263978,95.0,98.97
2732,264366,287.0,98.97
2733,264376,-91.0,98.97
2734,264392,-85.0,98.97
2735,264400,-93.0,98.97
2736,264402,-99.0,98.96
2737,264403,-100.0,98.96
2738,264405,-99.0,98.96
2739,264426,-80.0,98.96
2740,264428,-99.0,98.96
2741,264431,-98.0,98.96
2742,264444,-88.0,98.96
2743,264449,-96.0,98.96
2744,264464,-86.0,98.96
2745,264466,-99.0,98.96
2746,264469,-98.0,98.96
2747,264473,-97.0,98.96
2748,264476,-98.0,98.96
2749,264654,77.0,98.96
2750,264708,-47.0,98.96
2751,264806,-3.0,98.96
2752,264888,-19.0,98.96
2753,264889,-100.0,98.96
2754,264893,-97.0,98.96
2755,264895,-99.0,98.96
2756,264896,-100.0,98.96
2757,264909,-88.0,98.96
2758,264914,-96.0,98.96
2759,264919,-96.0,98.96
2760,264920,-100.0,98.96
2761,264941,-80.0,98.96
2762,264963,-79.0,98.96
2763,265371,307.0,98.96
2764,265372,-100.0,98.96
2765,265413,-60.0,98.96
2766,265566,52.0,98.96
2767,265725,58.0,98.96
2768,265853,27.0,98.96
2769,265880,-74.0,98.96
2770,265884,-97.0,98.96
2771,265888,-97.0,98.96
2772,265945,-44.0,98.96
2773,266102,56.0,98.96
2774,266168,-35.0,98.96
2775,266212,-57.0,98.96
2776,266213,-100.0,98.96
2777,266287,-27.0,98.96
2778,266501,113.0,98.96
2779,266507,-95.0,98.96
2780,266584,-24.0,98.96
2781,266940,255.0,98.96
2782,266958,-83.0,98.96
2783,266982,-77.0,98.96
2784,267004,-79.0,98.96
2785,267010,-95.0,98.96
2786,267235,124.0,98.96
2787,267334,-2.0,98.96
2788,267415,-20.0,98.96
2789,267715,199.0,98.96
2790,267718,-98.0,98.96
2791,267777,-42.0,98.96
2792,267778,-100.0,98.96
2793,268055,176.0,98.96
2794,268093,-63.0,98.96
2795,268840,646.0,98.96
2796,268881,-60.0,98.96
2797,268990,8.0,98.96
2798,269124,33.0,98.96
2799,269313,88.0,98.96
2800,269717,303.0,98.96
2801,269759,-59.0,98.96
2802,269784,-76.0,98.96
2803,269994,109.0,98.96
2804,270034,-61.0,98.96
2805,270092,-43.0,98.96
2806,270185,-8.0,98.96
2807,270210,-76.0,98.96
2808,270211,-100.0,98.96
2809,270217,-95.0,98.96
2810,270225,-93.0,98.96
2811,270227,-99.0,98.96
2812,270231,-97.0,98.96
2813,270251,-81.0,98.96
2814,270261,-91.0,98.96
2815,270276,-86.0,98.96
2816,270365,-12.0,98.96
2817,270366,-100.0,98.96
2818,270421,-46.0,98.96
2819,270616,94.0,98.96
2820,270620,-97.0,98.96
2821,270655,-66.0,98.96
2822,270744,-12.0,98.96
2823,270942,97.0,98.96
2824,270943,-100.0,98.96
2825,271075,31.0,98.96
2826,271082,-94.0,98.96
2827,271171,-12.0,98.96
2828,271184,-88.0,98.96
2829,271195,-90.0,98.96
2830,271196,-100.0,98.96
2831,271228,-69.0,98.96
2832,271240,-89.0,98.96
2833,271275,-66.0,98.96
2834,271343,-33.0,98.96
2835,271531,87.0,98.96
2836,271580,-52.0,98.96
2837,271621,-60.0,98.96
2838,271680,-42.0,98.96
2839,271699,-82.0,98.95
2840,271708,-92.0,98.95
2841,271785,-24.0,98.95
2842,271854,-32.0,98.95
2843,271862,-93.0,98.95
2844,271895,-68.0,98.95
2845,271896,-100.0,98.95
2846,271924,-73.0,98.95
2847,272391,366.0,98.95
2848,272392,-100.0,98.95
2849,272395,-98.0,98.95
2850,272397,-99.0,98.95
2851,272585,87.0,98.95
2852,272597,-89.0,98.95
2853,272603,-95.0,98.95
2854,272659,-45.0,98.95
2855,272666,-94.0,98.95
2856,272772,5.0,98.95
2857,272773,-100.0,98.95
2858,272894,20.0,98.95
2859,273488,493.0,98.95
2860,273505,-84.0,98.95
2861,273524,-82.0,98.95
2862,273697,72.0,98.95
2863,273924,126.0,98.95
2864,274565,540.0,98.96
2865,274681,15.0,98.96
2866,274749,-33.0,98.96
2867,274754,-96.0,98.96
2868,274827,-28.0,98.96
2869,274870,-58.0,98.96
2870,274911,-60.0,98.96
2871,274920,-92.0,98.96
2872,275022,1.0,98.96
2873,275053,-70.0,98.96
2874,275075,-79.0,98.95
2875,275102,-74.0,98.95
2876,275149,-54.0,98.95
2877,275150,-100.0,98.95
2878,275163,-88.0,98.95
2879,275175,-89.0,98.95
2880,275186,-90.0,98.95
2881,275187,-100.0,98.95
2882,275195,-93.0,98.95
2883,275196,-100.0,98.95
2884,275292,-5.0,98.95
2885,275313,-80.0,98.95
2886,275314,-100.0,98.95
2887,275467,52.0,98.95
2888,275561,-7.0,98.95
2889,275651,-11.0,98.95
2890,275680,-72.0,98.95
2891,275681,-100.0,98.95
2892,275735,-47.0,98.95
2893,275786,-50.0,98.95
2894,275940,53.0,98.95
2895,275987,-54.0,98.95
2896,275988,-100.0,98.95
2897,276071,-18.0,98.95
2898,276366,194.0,98.95
2899,276390,-77.0,98.95
2900,276554,63.0,98.95
2901,276881,226.0,98.95
2902,277091,109.0,98.95
2903,277178,-14.0,98.95
2904,277221,-58.0,98.95
2905,277226,-96.0,98.95
2906,277227,-100.0,98.95
2907,277486,158.0,98.95
2908,277499,-88.0,98.95
2909,277581,-19.0,98.95
2910,277836,154.0,98.95
2911,277860,-77.0,98.95
2912,278169,208.0,98.95
2913,278419,149.0,98.95
2914,278568,48.0,98.95
2915,278849,180.0,98.95
2916,278938,-12.0,98.95
2917,278965,-74.0,98.95
2918,279085,19.0,98.95
2919,279154,-32.0,98.95
2920,279208,-47.0,98.95
2921,279377,68.0,98.95
2922,279399,-79.0,98.95
2923,279419,-81.0,98.95
2924,279530,10.0,98.95
2925,279536,-95.0,98.95
2926,279686,49.0,98.95
2927,279719,-68.0,98.95
2928,279757,-63.0,98.95
2929,279779,-79.0,98.95
2930,279814,-66.0,98.95
2931,279856,-59.0,98.95
2932,279873,-84.0,98.95
2933,279899,-75.0,98.95
2934,280082,82.0,98.95
2935,280157,-26.0,98.95
2936,280631,373.0,98.95
2937,280903,171.0,98.95
2938,280966,-38.0,98.95
2939,281065,-2.0,98.95
2940,281216,50.0,98.95
2941,281622,305.0,98.96
2942,281658,-65.0,98.96
2943,281704,-55.0,98.95
2944,281923,118.0,98.96
2945,282052,28.0,98.96
2946,282065,-88.0,98.96
2947,282138,-28.0,98.96
2948,282139,-100.0,98.95
2949,282237,-3.0,98.95
2950,282573,235.0,98.96
2951,282721,47.0,98.96
2952,282732,-90.0,98.96
2953,282911,78.0,98.96
2954,282912,-100.0,98.96
2955,283422,409.0,98.96
2956,283437,-86.0,98.96
2957,283753,215.0,98.96
2958,284110,256.0,98.96
2959,284168,-43.0,98.96
2960,284238,-31.0,98.96
2961,284275,-64.0,98.96
2962,284593,217.0,98.96
2963,284624,-70.0,98.96
2964,284627,-98.0,98.96
2965,284628,-100.0,98.96
2966,284728,-1.0,98.96
2967,284995,166.0,98.96
2968,284999,-97.0,98.96
2969,285070,-30.0,98.96
2970,285090,-81.0,98.96
2971,285123,-68.0,98.96
2972,285173,-51.0,98.96
2973,285174,-100.0,98.96
2974,285175,-100.0,98.96
2975,285209,-67.0,98.96
2976,285212,-98.0,98.96
2977,285213,-100.0,98.96
2978,285494,180.0,98.96
2979,285611,16.0,98.96
2980,285612,-100.0,98.96
2981,285677,-36.0,98.96
2982,285733,-45.0,98.96
2983,285791,-43.0,98.96
2984,285797,-95.0,98.96
2985,285856,-42.0,98.96
2986,285993,36.0,98.96
2987,286036,-58.0,98.96
2988,286322,185.0,98.96
2989,286469,46.0,98.96
2990,286698,128.0,98.96
2991,286713,-86.0,98.96
2992,286714,-100.0,98.96
2993,286731,-84.0,98.96
2994,286776,-56.0,98.96
2995,286786,-91.0,98.96
2996,286787,-100.0,98.95
2997,286788,-100.0,98.95
2998,286919,30.0,98.95
2999,286929,-91.0,98.95
3000,287197,167.0,98.96
3001,287350,52.0,98.96
3002,287656,205.0,98.96
3003,287668,-89.0,98.96
3004,287669,-100.0,98.96
3005,287685,-85.0,98.96
3006,287788,2.0,98.96
3007,287877,-12.0,98.96
3008,287886,-92.0,98.95
3009,287906,-81.0,98.95
3010,288009,2.0,98.95
3011,288165,55.0,98.95
3012,288250,-16.0,98.95
3013,288421,70.0,98.95
3014,288554,32.0,98.96
3015,288892,237.0,98.96
3016,288925,-68.0,98.96
3017,289011,-15.0,98.96
3018,289101,-11.0,98.96
3019,289193,-9.0,98.96
3020,289194,-100.0,98.96
3021,289290,-5.0,98.96
3022,289713,322.0,98.96
3023,289794,-20.0,98.96
3024,290068,173.0,98.96
3025,290144,-25.0,98.96
3026,290503,258.0,98.96
3027,290524,-80.0,98.96
3028,290525,-100.0,98.96
3029,290554,-72.0,98.96
3030,290598,-57.0,98.96
3031,290736,37.0,98.96
3032,290869,32.0,98.96
3033,291291,321.0,98.96
3034,291306,-86.0,98.96
3035,291347,-60.0,98.96
3036,291427,-21.0,98.96
3037,291428,-100.0,98.96
3038,291429,-100.0,98.96
3039,291450,-80.0,98.96
3040,291511,-40.0,98.96
3041,291693,81.0,98.96
3042,291764,-30.0,98.96
3043,291792,-73.0,98.96
3044,291947,54.0,98.96
3045,292019,-29.0,98.96
3046,292191,71.0,98.96
3047,292283,-9.0,98.96
3048,292350,-34.0,98.96
3049,292620,169.0,98.96
3050,292681,-40.0,98.96
3051,292719,-63.0,98.96
3052,292743,-77.0,98.96
3053,292744,-100.0,98.96
3054,292747,-98.0,98.96
3055,292748,-100.0,98.96
3056,293317,468.0,98.96
3057,293320,-98.0,98.96
3058,293340,-81.0,98.96
3059,293596,155.0,98.96
3060,293597,-100.0,98.96
3061,294250,552.0,98.96
3062,294349,-2.0,98.96
3063,294389,-61.0,98.96
3064,294522,32.0,98.96
3065,294555,-68.0,98.96
3066,294754,98.0,98.96
3067,294904,49.0,98.96
3068,295231,226.0,98.96
3069,295433,101.0,98.96
3070,295440,-94.0,98.96
3071,295664,123.0,98.96
3072,295665,-100.0,98.96
3073,295666,-100.0,98.96
3074,295689,-78.0,98.96
3075,295690,-100.0,98.96
3076,295691,-100.0,98.96
3077,295693,-99.0,98.96
3078,296185,391.0,98.96
3079,296521,235.0,98.96
3080,296576,-46.0,98.96
3081,296584,-93.0,98.96
3082,296587,-98.0,98.96
3083,296590,-98.0,98.96
3084,296596,-95.0,98.96
3085,296613,-84.0,98.96
3086,296733,19.0,98.96
3087,296734,-100.0,98.96
3088,296741,-94.0,98.96
3089,296784,-58.0,98.96
3090,296785,-100.0,98.96
3091,296892,6.0,98.96
3092,296893,-100.0,98.96
3093,296917,-77.0,98.96
3094,297360,342.0,98.96
3095,297377,-84.0,98.96
3096,297544,66.0,98.96
3097,297576,-69.0,98.96
3098,297589,-88.0,98.96
3099,297591,-99.0,98.96
3100,297633,-59.0,98.96
3101,297675,-59.0,98.96
3102,297796,20.0,98.96
3103,297861,-36.0,98.96
3104,297867,-95.0,98.96
3105,297994,26.0,98.96
3106,297996,-99.0,98.96
3107,298050,-47.0,98.96
3108,298075,-76.0,98.96
3109,298147,-29.0,98.96
3110,298295,47.0,98.96
3111,298325,-71.0,98.96
3112,298571,145.0,98.96
3113,298576,-96.0,98.96
3114,298644,-33.0,98.96
3115,298862,117.0,98.96
3116,298873,-90.0,98.96
3117,299020,46.0,98.96
3118,299314,193.0,98.96
3119,299380,-35.0,98.96
3120,299474,-7.0,98.96
3121,299477,-98.0,98.96
3122,299580,2.0,98.96
3123,299581,-100.0,98.96
3124,299582,-100.0,98.96
3125,299608,-75.0,98.96
3126,299796,87.0,98.96
3127,299880,-17.0,98.96
3128,299889,-92.0,98.96
3129,299933,-57.0,98.96
3130,299935,-99.0,98.96
3131,299947,-89.0,98.96
3132,299962,-86.0,98.96
3133,299982,-81.0,98.96
3134,299987,-96.0,98.95
3135,299990,-98.0,98.95
